"label","Source","N","nff","rank","Lb","Wb","Ab","Ls","Li","Hc"
"Tremie12","sampled_plants_020412",1,NA,8,14.8644,0.98229,11.7502,NA,NA,NA
"Tremie12","sampled_plants_020412",1,NA,9,16.3747,1.2584,16.0139,NA,NA,NA
"Tremie12","sampled_plants_020412",1,NA,10,19.9636,1.4214,21.8526,NA,NA,NA
"Tremie12","sampled_plants_020412",2,NA,9,17.0609,1.1685,16.0607,NA,NA,NA
"Tremie12","sampled_plants_020412",3,NA,9,16.2568,1.1956,15.7765,NA,NA,NA
"Tremie12","sampled_plants_020412",3,NA,10,21.7538,1.3434,23.0635,NA,NA,NA
"Tremie12","sampled_plants_020412",4,NA,8,10.2158,0.92964,7.9606,NA,NA,NA
"Tremie12","sampled_plants_020412",4,NA,9,14.8689,1.0907,13.2143,NA,NA,NA
"Tremie12","sampled_plants_020412",4,NA,10,20.5783,1.3206,21.2072,NA,NA,NA
"Tremie12","sampled_plants_020412",5,NA,8,15.8537,NA,NA,NA,NA,NA
"Tremie12","sampled_plants_020412",5,NA,9,17.6154,1.5629,20.7491,NA,NA,NA
"Tremie12","sampled_plants_020412",5,NA,10,21.3091,1.6093,26.8155,NA,NA,NA
"Tremie12","sampled_plants_020412",7,NA,9,16.6546,1.16,14.971,NA,NA,NA
"Tremie12","sampled_plants_020412",7,NA,10,20.6045,1.3743,22.6682,NA,NA,NA
"Tremie12","sampled_plants_020412",8,NA,8,11.8487,1.0996,10.0131,NA,NA,NA
"Tremie12","sampled_plants_020412",8,NA,9,14.8979,1.3021,15.1443,NA,NA,NA
"Tremie12","sampled_plants_020412",8,NA,10,19.7896,1.3601,20.7085,NA,NA,NA
"Tremie12","sampled_plants_020412",9,NA,8,12.9306,1.0666,10.8099,NA,NA,NA
"Tremie12","sampled_plants_020412",9,NA,9,13.764,1.2725,14.3656,NA,NA,NA
"Tremie12","sampled_plants_020412",9,NA,10,18.9679,1.3507,19.9803,NA,NA,NA
"Tremie12","sampled_plants_020412",10,NA,9,19.4685,1.3655,20.9882,NA,NA,NA
"Tremie12","sampled_plants_020412",10,NA,10,23.7202,1.3242,25.6669,NA,NA,NA
"Tremie12","sampled_plants_020412",11,NA,9,17.8571,1.188,17.9235,NA,NA,NA
"Tremie12","sampled_plants_020412",11,NA,10,22.0845,1.3562,23.7676,NA,NA,NA
"Tremie12","sampled_plants_020412",12,NA,10,20.9701,1.4511,23.8198,NA,NA,NA
"Tremie12","sampled_plants_020412",13,NA,8,15.7783,NA,NA,NA,NA,NA
"Tremie12","sampled_plants_020412",13,NA,9,18.3678,1.1712,16.4491,NA,NA,NA
"Tremie12","sampled_plants_020412",13,NA,10,21.5479,1.4339,23.393,NA,NA,NA
"Tremie12","sampled_plants_020412",14,NA,9,13.1278,1.1912,12.3024,NA,NA,NA
"Tremie12","sampled_plants_020412",14,NA,10,19.1202,1.2773,20.5038,NA,NA,NA
"Tremie12","sampled_plants_020412",15,NA,9,13.824,0.92374,10.0958,NA,NA,NA
"Tremie12","sampled_plants_020412",15,NA,10,18.702,0.98339,15.1341,NA,NA,NA
"Tremie12","sampled_plants_020412",16,NA,8,15.8284,0.87513,10.8448,NA,NA,NA
"Tremie12","sampled_plants_020412",16,NA,9,18.8132,1.2163,18.1782,NA,NA,NA
"Tremie12","sampled_plants_020412",16,NA,10,24.1098,1.388,25.8564,NA,NA,NA
"Tremie12","sampled_plants_020412",17,NA,9,18.5,1.0844,15.8474,NA,NA,NA
"Tremie12","sampled_plants_020412",17,NA,10,22.3799,1.396,24.6641,NA,NA,NA
"Tremie12","sampled_plants_020412",18,NA,8,13.0824,1.2484,12.6443,NA,NA,NA
"Tremie12","sampled_plants_020412",18,NA,9,16.8052,1.4241,19.2364,NA,NA,NA
"Tremie12","sampled_plants_020412",19,NA,9,17.8417,1.0495,15.0133,NA,NA,NA
"Tremie12","sampled_plants_020412",19,NA,10,22.4343,1.1765,21.3923,NA,NA,NA
"Tremie12","sampled_plants_020412",20,NA,9,17.1993,1.3509,18.1182,NA,NA,NA
"Tremie12","sampled_plants_020412",20,NA,9,16.1898,1.0893,14.0919,NA,NA,NA
"Tremie12","sampled_plants_020412",20,NA,10,21.173,1.4301,24.2926,NA,NA,NA
"Tremie12","sampled_plants_020412",24,NA,8,16.4386,NA,NA,NA,NA,NA
"Tremie12","sampled_plants_020412",24,NA,9,19.2068,1.4597,22.5675,NA,NA,NA
"Tremie12","sampled_plants_020412",25,NA,8,15.4328,0.89769,11.3927,NA,NA,NA
"Tremie12","sampled_plants_020412",25,NA,9,18.8245,1.1237,16.0236,NA,NA,NA
"Tremie12","sampled_plants_020412",25,NA,10,21.5912,1.4897,25.3617,NA,NA,NA
"Tremie12","sampled_plants_020412",26,NA,8,13.9517,NA,NA,NA,NA,NA
"Tremie12","sampled_plants_020412",26,NA,9,18.2278,1.3519,19.6894,NA,NA,NA
"Tremie12","sampled_plants_020412",26,NA,9,16.0303,1.0307,12.9112,NA,NA,NA
"Tremie12","sampled_plants_020412",26,NA,10,21.7224,1.5055,25.6506,NA,NA,NA
"Tremie12","sampled_plants_020412",26,NA,10,21.3634,1.3226,21.9653,NA,NA,NA
"Tremie12","sampled_plants_020412",27,NA,8,16.11,1.1567,13.8702,NA,NA,NA
"Tremie12","sampled_plants_020412",27,NA,8,16.6996,1.1641,14.9058,NA,NA,NA
"Tremie12","sampled_plants_020412",27,NA,9,18.8192,1.1061,16.5325,NA,NA,NA
"Tremie12","sampled_plants_020412",27,NA,9,20.0346,1.3106,21.2647,NA,NA,NA
"Tremie12","sampled_plants_020412",28,NA,8,14.2028,NA,NA,NA,NA,NA
"Tremie12","sampled_plants_020412",28,NA,9,16.8658,1.2427,16.7081,NA,NA,NA
"Tremie12","sampled_plants_020412",28,NA,10,21.5941,1.5219,25.7086,NA,NA,NA
"Tremie12","sampled_plants_020412",29,NA,7,13.711,NA,NA,NA,NA,NA
"Tremie12","sampled_plants_020412",29,NA,8,16.0361,1.0815,14.0747,NA,NA,NA
"Tremie12","sampled_plants_020412",29,NA,9,20.248,1.2196,20.041,NA,NA,NA
"Tremie12","sampled_plants_090312",1,NA,4,NA,NA,NA,3.7,NA,3.7
"Tremie12","sampled_plants_090312",1,NA,5,NA,NA,NA,5.5,NA,5.5
"Tremie12","sampled_plants_090312",1,NA,6,13.9315,NA,NA,3,NA,3
"Tremie12","sampled_plants_090312",1,NA,7,14.2511,NA,NA,7.5,NA,5.94465192241633
"Tremie12","sampled_plants_090312",2,NA,3,NA,NA,NA,3.2,NA,3.2
"Tremie12","sampled_plants_090312",2,NA,4,13.1669,NA,NA,3.6,NA,3.6
"Tremie12","sampled_plants_090312",2,NA,5,NA,NA,NA,5,NA,5
"Tremie12","sampled_plants_090312",2,NA,6,NA,NA,NA,8,NA,8
"Tremie12","sampled_plants_090312",2,NA,7,NA,NA,NA,NA,NA,7.51115839152237
"Tremie12","sampled_plants_090312",3,NA,3,NA,NA,NA,2.5,NA,2.5
"Tremie12","sampled_plants_090312",3,NA,4,NA,NA,NA,3.6,NA,3.6
"Tremie12","sampled_plants_090312",3,NA,5,NA,NA,NA,5.4,NA,5.4
"Tremie12","sampled_plants_090312",3,NA,6,NA,NA,NA,7.2,NA,7.2
"Tremie12","sampled_plants_090312",3,NA,7,NA,NA,NA,7.5,NA,6.62524439651192
"Tremie12","sampled_plants_090312",4,NA,5,NA,NA,NA,3.5,NA,3.5
"Tremie12","sampled_plants_090312",4,NA,6,NA,NA,NA,4.3,NA,4.3
"Tremie12","sampled_plants_090312",4,NA,7,12.7459,1.0519,10.536,7.1,NA,8.54735847671601
"Tremie12","sampled_plants_090312",5,NA,4,NA,NA,NA,3.2,NA,3.2
"Tremie12","sampled_plants_090312",5,NA,5,NA,NA,NA,4.5,NA,4.5
"Tremie12","sampled_plants_090312",5,NA,6,10.7603,NA,NA,5.7,NA,5.7
"Tremie12","sampled_plants_090312",5,NA,7,14.2779,NA,NA,7.5,NA,7.13833333333333
"Tremie12","sampled_plants_090312",6,NA,3,NA,NA,NA,3.5,NA,3.5
"Tremie12","sampled_plants_090312",6,NA,4,NA,NA,NA,4.2,NA,4.2
"Tremie12","sampled_plants_090312",6,NA,5,NA,NA,NA,5.4,NA,5.4
"Tremie12","sampled_plants_090312",6,NA,6,14.8389,NA,NA,7.5,NA,7.5
"Tremie12","sampled_plants_090312",6,NA,7,NA,NA,NA,7.8,NA,7.54173076923077
"Tremie12","sampled_plants_090312",7,NA,3,NA,NA,NA,3.5,NA,3.5
"Tremie12","sampled_plants_090312",7,NA,4,NA,NA,NA,3.7,NA,3.7
"Tremie12","sampled_plants_090312",7,NA,5,NA,NA,NA,4.8,NA,4.8
"Tremie12","sampled_plants_090312",7,NA,6,11.4723,NA,NA,6.7,NA,6.7
"Tremie12","sampled_plants_090312",7,NA,7,NA,NA,NA,7.8,NA,5.9130890052356
"Tremie12","sampled_plants_090312",7,NA,8,14.1912,NA,NA,NA,NA,NA
"Tremie12","sampled_plants_090312",8,NA,4,NA,NA,NA,3,NA,3
"Tremie12","sampled_plants_090312",8,NA,5,NA,NA,NA,4.2,NA,4.2
"Tremie12","sampled_plants_090312",8,NA,6,13.2797,NA,NA,6,NA,6
"Tremie12","sampled_plants_090312",8,NA,7,NA,NA,NA,6.5,NA,5.09977814148417
"Tremie12","sampled_plants_090312",9,NA,3,NA,NA,NA,3.5,NA,3.5
"Tremie12","sampled_plants_090312",9,NA,4,NA,NA,NA,4,NA,4
"Tremie12","sampled_plants_090312",9,NA,5,NA,NA,NA,4.6,NA,4.6
"Tremie12","sampled_plants_090312",9,NA,6,14.8023,NA,NA,7.2,NA,7.2
"Tremie12","sampled_plants_090312",9,NA,7,13.8044,1.197,12.7942,7.5,NA,3.76131793632092
"Tremie12","sampled_plants_090312",10,NA,3,NA,NA,NA,3.6,NA,3.6
"Tremie12","sampled_plants_090312",10,NA,4,NA,NA,NA,3.6,NA,3.6
"Tremie12","sampled_plants_090312",10,NA,5,NA,NA,NA,4.7,NA,4.7
"Tremie12","sampled_plants_090312",10,NA,6,13.3681,NA,NA,NA,NA,NA
"Tremie12","sampled_plants_090312",10,NA,7,NA,NA,NA,7,NA,8.83598263973209
"Tremie12","sampled_plants_090312",11,NA,4,7.886,NA,NA,NA,NA,NA
"Tremie12","sampled_plants_090312",11,NA,5,8.2225,NA,NA,2.7,NA,2.7
"Tremie12","sampled_plants_090312",11,NA,6,10.2784,NA,NA,3.5,NA,3.5
"Tremie12","sampled_plants_090312",11,NA,7,NA,NA,NA,3.9,NA,7.45549586776859
"Tremie12","sampled_plants_090312",12,NA,5,NA,NA,NA,3.7,NA,3.7
"Tremie12","sampled_plants_090312",12,NA,6,NA,NA,NA,4.5,NA,4.5
"Tremie12","sampled_plants_090312",12,NA,7,14.6869,NA,NA,5.5,NA,6.08777027027027
"Tremie12","sampled_plants_090312",12,NA,8,12.0894,NA,NA,NA,NA,NA
"Tremie12","sampled_plants_090312",13,NA,3,NA,NA,NA,3.2,NA,3.2
"Tremie12","sampled_plants_090312",13,NA,4,NA,NA,NA,3.7,NA,3.7
"Tremie12","sampled_plants_090312",13,NA,5,NA,NA,NA,4.6,NA,4.6
"Tremie12","sampled_plants_090312",13,NA,6,NA,NA,NA,6.5,NA,6.5
"Tremie12","sampled_plants_090312",13,NA,7,14.4676,NA,NA,6,NA,5.85349794238683
"Tremie12","sampled_plants_090312",14,NA,3,NA,NA,NA,3.2,NA,3.2
"Tremie12","sampled_plants_090312",14,NA,4,8.0683,NA,NA,4,NA,4
"Tremie12","sampled_plants_090312",14,NA,5,NA,NA,NA,4.2,NA,4.2
"Tremie12","sampled_plants_090312",14,NA,6,12.7598,0.68905,6.8964,6.7,NA,6.7
"Tremie12","sampled_plants_090312",14,NA,7,NA,NA,NA,NA,NA,7.10062019630074
"Tremie12","sampled_plants_090312",15,NA,3,NA,NA,NA,2.3,NA,2.3
"Tremie12","sampled_plants_090312",15,NA,4,NA,NA,NA,3,NA,3
"Tremie12","sampled_plants_090312",15,NA,5,NA,NA,NA,3.5,NA,3.5
"Tremie12","sampled_plants_090312",15,NA,6,NA,NA,NA,5,NA,5
"Tremie12","sampled_plants_090312",15,NA,7,13.1554,NA,NA,5.5,NA,5.76219793046966
"Tremie12","sampled_plants_090312",16,NA,3,NA,NA,NA,3,NA,3
"Tremie12","sampled_plants_090312",16,NA,4,4.1923,NA,NA,4,NA,4
"Tremie12","sampled_plants_090312",16,NA,5,6.6654,NA,NA,4.7,NA,4.7
"Tremie12","sampled_plants_090312",16,NA,6,10.8196,NA,NA,8,NA,8
"Tremie12","sampled_plants_090312",16,NA,7,NA,NA,NA,NA,NA,8.92408304015851
"Tremie12","sampled_plants_090312",17,NA,4,NA,NA,NA,3.4,NA,3.4
"Tremie12","sampled_plants_090312",17,NA,5,8.1103,NA,NA,4.5,NA,4.5
"Tremie12","sampled_plants_090312",17,NA,6,12.0174,0.53366,5.2786,5.1,NA,5.1
"Tremie12","sampled_plants_090312",17,NA,7,13.9802,0.7683,8.2616,7.7,NA,7.86987261146497
"Tremie12","sampled_plants_090312",18,NA,3,NA,NA,NA,2.5,NA,2.5
"Tremie12","sampled_plants_090312",18,NA,4,6.8729,NA,NA,3.5,NA,3.5
"Tremie12","sampled_plants_090312",18,NA,5,10.0366,0.49989,3.9521,4.8,NA,4.8
"Tremie12","sampled_plants_090312",18,NA,6,11.4399,NA,NA,5.5,NA,5.5
"Tremie12","sampled_plants_090312",18,NA,7,NA,NA,NA,NA,NA,5.14525331300087
"Tremie12","sampled_plants_090312",19,NA,3,NA,NA,NA,3,NA,3
"Tremie12","sampled_plants_090312",19,NA,4,7.6508,0.4523,2.7799,3.5,NA,3.5
"Tremie12","sampled_plants_090312",19,NA,5,10.0091,NA,NA,4.5,NA,4.5
"Tremie12","sampled_plants_090312",19,NA,6,8.5021,0.52126,3.1144,5,NA,5
"Tremie12","sampled_plants_090312",19,NA,7,NA,NA,NA,NA,NA,4.53589318600368
"Tremie12","sampled_plants_090312",20,NA,3,NA,NA,NA,3.2,NA,3.2
"Tremie12","sampled_plants_090312",20,NA,4,NA,NA,NA,3.5,NA,3.5
"Tremie12","sampled_plants_090312",20,NA,5,NA,NA,NA,4.3,NA,4.3
"Tremie12","sampled_plants_090312",20,NA,6,11.7838,0.51364,5.0609,5,NA,5
"Tremie12","sampled_plants_090312",20,NA,7,13.4836,0.70814,7.3264,8,NA,9.02062457661846
"Tremie12","sampled_plants_090312",21,NA,4,NA,NA,NA,3.2,NA,3.2
"Tremie12","sampled_plants_090312",21,NA,5,8.499,NA,NA,3.9,NA,3.9
"Tremie12","sampled_plants_090312",21,NA,6,9.8546,0.51886,4.0009,5.1,NA,5.1
"Tremie12","sampled_plants_090312",21,NA,7,12.8248,0.7365,7.1941,6.7,NA,5.11723964868256
"Tremie12","sampled_plants_090312",22,NA,3,NA,NA,NA,2.5,NA,2.5
"Tremie12","sampled_plants_090312",22,NA,4,NA,NA,NA,4.2,NA,4.2
"Tremie12","sampled_plants_090312",22,NA,5,NA,NA,NA,5.3,NA,5.3
"Tremie12","sampled_plants_090312",22,NA,6,13.0871,NA,NA,5.5,NA,5.5
"Tremie12","sampled_plants_090312",22,NA,7,15.3712,0.84386,10.0753,6,NA,5.2600956937799
"Tremie12","sampled_plants_090312",23,NA,3,NA,NA,NA,2.1,NA,2.1
"Tremie12","sampled_plants_090312",23,NA,4,NA,NA,NA,3,NA,3
"Tremie12","sampled_plants_090312",23,NA,5,NA,NA,NA,4,NA,4
"Tremie12","sampled_plants_090312",23,NA,6,12.0928,0.51637,5.1171,4.7,NA,4.7
"Tremie12","sampled_plants_090312",23,NA,7,11.4989,0.65831,6.0104,6,NA,3.47270380434783
"Tremie12","sampled_plants_090312",24,NA,3,NA,NA,NA,3,NA,3
"Tremie12","sampled_plants_090312",24,NA,4,NA,NA,NA,2.5,NA,2.5
"Tremie12","sampled_plants_090312",24,NA,5,NA,NA,NA,3.1,NA,3.1
"Tremie12","sampled_plants_090312",24,NA,6,NA,NA,NA,3.9,NA,3.9
"Tremie12","sampled_plants_090312",24,NA,7,11.6408,NA,NA,NA,NA,5.4498324958124
"Tremie12","sampled_plants_090312",25,NA,3,NA,NA,NA,2,NA,2
"Tremie12","sampled_plants_090312",25,NA,4,NA,NA,NA,2.2,NA,2.2
"Tremie12","sampled_plants_090312",25,NA,5,5.2566,NA,NA,3,NA,3
"Tremie12","sampled_plants_090312",25,NA,6,6.4456,NA,NA,4.2,NA,4.2
"Tremie12","sampled_plants_090312",25,NA,7,10.5346,0.65021,5.1624,5.3,NA,5.17935433070866
"Tremie12","sampled_plants_090312",26,NA,3,NA,NA,NA,2.1,NA,2.1
"Tremie12","sampled_plants_090312",26,NA,4,NA,NA,NA,2.6,NA,2.6
"Tremie12","sampled_plants_090312",26,NA,5,7.4227,NA,NA,3.7,NA,3.7
"Tremie12","sampled_plants_090312",26,NA,6,NA,NA,NA,4.2,NA,4.2
"Tremie12","sampled_plants_090312",26,NA,7,NA,NA,NA,4.3,NA,3.88836298932384
"Tremie12","sampled_plants_090312",27,NA,4,NA,NA,NA,2.1,NA,2.1
"Tremie12","sampled_plants_090312",27,NA,5,8.5172,NA,NA,3,NA,3
"Tremie12","sampled_plants_090312",27,NA,6,11.42,0.56385,5.0345,3.7,NA,3.7
"Tremie12","sampled_plants_090312",27,NA,7,12.4873,0.77783,7.5351,6.2,NA,NA
"Tremie12","sampled_plants_090312",28,NA,3,NA,NA,NA,2.7,NA,2.7
"Tremie12","sampled_plants_090312",28,NA,4,NA,NA,NA,3.2,NA,3.2
"Tremie12","sampled_plants_090312",28,NA,5,NA,NA,NA,4.3,NA,4.3
"Tremie12","sampled_plants_090312",28,NA,6,NA,NA,NA,5.6,NA,5.6
"Tremie12","sampled_plants_090312",28,NA,7,NA,NA,NA,7.3,NA,NA
"Tremie12","sampled_plants_090312",29,NA,4,8.688,NA,NA,NA,NA,NA
"Tremie12","sampled_plants_090312",29,NA,5,8.3224,NA,NA,4.1,NA,4.1
"Tremie12","sampled_plants_090312",29,NA,6,11.1537,NA,NA,5,NA,5
"Tremie12","sampled_plants_090312",29,NA,7,14.3944,0.74512,7.7612,7.5,NA,NA
"Tremie12","sampled_plants_090312",30,NA,3,NA,NA,NA,2.3,NA,2.3
"Tremie12","sampled_plants_090312",30,NA,5,NA,NA,NA,3.2,NA,3.2
"Tremie12","sampled_plants_090312",30,NA,6,7.4878,NA,NA,4,NA,4
"Tremie12","sampled_plants_090312",30,NA,7,11.7321,0.55849,5.1466,4.7,NA,NA
"Tremie12","sampled_plants_090312",30,NA,8,13.2351,0.80878,8.229,NA,NA,NA
"Tremie12","sampled_plants_090512",1,13,8,NA,NA,NA,NA,NA,6.81223214917303
"Tremie12","sampled_plants_090512",1,13,9,20.7,NA,NA,10.5,1.7,12.2
"Tremie12","sampled_plants_090512",1,13,10,20.5,NA,NA,9.2,8.9,19.8
"Tremie12","sampled_plants_090512",1,13,11,23.9,1.6,19.3,11.7,13.2,35.5
"Tremie12","sampled_plants_090512",1,13,12,17.4,1.6,19,12.1,11.2,47.1
"Tremie12","sampled_plants_090512",1,13,13,12,1.4,10.8,13,NA,NA
"Tremie12","sampled_plants_090512",2,13,9,NA,NA,NA,9.2,3,12.2
"Tremie12","sampled_plants_090512",2,13,10,NA,NA,NA,12.5,6.5,22
"Tremie12","sampled_plants_090512",2,13,11,22.5,NA,NA,11.5,12.5,33.5
"Tremie12","sampled_plants_090512",2,13,12,19.5,1.8,26.3,13.3,13.6,48.9
"Tremie12","sampled_plants_090512",2,13,13,11.9,1.7,15.5,13.5,NA,NA
"Tremie12","sampled_plants_090512",3,13,9,18.1,NA,NA,7.8,3,10.8
"Tremie12","sampled_plants_090512",3,13,10,22.9,NA,NA,12,6.5,21.5
"Tremie12","sampled_plants_090512",3,13,11,22.2,NA,NA,9.8,12.5,31.8
"Tremie12","sampled_plants_090512",3,13,12,23.3,NA,NA,13,13.6,48.6
"Tremie12","sampled_plants_090512",3,13,13,15.4,1.5,15.9,13.2,NA,NA
"Tremie12","sampled_plants_090512",4,13,9,28.5,NA,NA,9.2,1.5,10.7
"Tremie12","sampled_plants_090512",4,13,10,21.5,NA,NA,12,3.5,17
"Tremie12","sampled_plants_090512",4,13,11,23.8,1.5,26.5,11.5,6.8,23.3
"Tremie12","sampled_plants_090512",4,13,12,20.6,1.5,25.6,13.8,10.6,36.2
"Tremie12","sampled_plants_090512",4,13,13,12,1.5,12.6,13.2,NA,NA
"Tremie12","sampled_plants_090512",5,13,9,NA,NA,NA,NA,1.7,10.427831758589
"Tremie12","sampled_plants_090512",5,13,10,21.1,NA,NA,11.2,3.3,16.2
"Tremie12","sampled_plants_090512",5,13,11,23.7,NA,NA,12.5,7.7,25.2
"Tremie12","sampled_plants_090512",5,13,12,25,NA,NA,13.7,14.8,41.2
"Tremie12","sampled_plants_090512",5,13,13,16.5,1.6,18.9,14.5,NA,NA
"Tremie12","sampled_plants_090512",6,13,9,NA,NA,NA,9.6,1.5,11.1
"Tremie12","sampled_plants_090512",6,13,10,23.4,NA,NA,13.1,3.3,17.9
"Tremie12","sampled_plants_090512",6,13,11,24.3,NA,NA,12.4,9.7,26.9
"Tremie12","sampled_plants_090512",6,13,12,21.9,1.7,29.8,14,10,38.5
"Tremie12","sampled_plants_090512",6,13,13,13.1,1.8,17.2,14.5,NA,NA
"Tremie12","sampled_plants_090512",7,13,9,NA,NA,NA,8,2.1,10.1
"Tremie12","sampled_plants_090512",7,13,10,22.7,NA,NA,12,4,18.1
"Tremie12","sampled_plants_090512",7,13,11,24.8,NA,NA,13.9,9.4,29.4
"Tremie12","sampled_plants_090512",7,13,12,23.8,1.6,29.1,14.7,16.4,46.6
"Tremie12","sampled_plants_090512",7,13,13,14.4,1.8,18.5,14.5,NA,NA
"Tremie12","sampled_plants_090512",8,12,8,NA,NA,NA,NA,NA,9.85109165707415
"Tremie12","sampled_plants_090512",8,12,9,NA,NA,NA,11.3,3,14.3
"Tremie12","sampled_plants_090512",8,12,10,NA,NA,NA,13.2,9.5,25.7
"Tremie12","sampled_plants_090512",8,12,11,25.9,NA,NA,14,15.3,41.8
"Tremie12","sampled_plants_090512",8,12,12,16.8,1.8,23.6,14.2,NA,57
"Tremie12","sampled_plants_090512",9,13,9,NA,NA,NA,11.2,NA,11.2
"Tremie12","sampled_plants_090512",9,13,10,23.1,NA,NA,13.4,3.6,17
"Tremie12","sampled_plants_090512",9,13,11,22.5,NA,NA,12.5,8.2,24.3
"Tremie12","sampled_plants_090512",9,13,12,17.2,1.5,19.7,13,13.3,38.1
"Tremie12","sampled_plants_090512",9,13,13,11,1.3,11,13,NA,NA
"Tremie12","sampled_plants_090512",10,13,9,NA,NA,NA,8,2.8,10.8
"Tremie12","sampled_plants_090512",10,13,10,NA,NA,NA,11.2,4.2,18.2
"Tremie12","sampled_plants_090512",10,13,11,NA,NA,NA,12.8,8.8,28.6
"Tremie12","sampled_plants_090512",10,13,12,24.3,1.6,30.2,14,14,43.8
"Tremie12","sampled_plants_090512",10,13,13,14.3,1.9,19.9,13,NA,NA
"Tremie12","sampled_plants_090512",11,13,9,NA,NA,NA,8.1,NA,8.1
"Tremie12","sampled_plants_090512",11,13,10,23.2,NA,NA,11.5,1.1,12.6
"Tremie12","sampled_plants_090512",11,13,11,23.3,1.4,24.2,11.6,4.6,17.3
"Tremie12","sampled_plants_090512",11,13,12,20.5,NA,NA,12.2,14,31.9
"Tremie12","sampled_plants_090512",11,13,13,13.4,NA,NA,13,NA,NA
"Tremie12","sampled_plants_090512",12,13,8,NA,NA,NA,NA,NA,6.47775693146327
"Tremie12","sampled_plants_090512",12,13,9,NA,NA,NA,NA,1,15.5388562860153
"Tremie12","sampled_plants_090512",12,13,10,18.9,NA,NA,10.4,3.8,15.2
"Tremie12","sampled_plants_090512",12,13,11,23.8,NA,NA,12.6,10.3,27.7
"Tremie12","sampled_plants_090512",12,13,12,24.9,1.5,28.7,14,15.2,44.3
"Tremie12","sampled_plants_090512",12,13,13,15,1.4,15,13.8,NA,NA
"Tremie12","sampled_plants_090512",13,14,9,NA,NA,NA,NA,NA,9.0713947769281
"Tremie12","sampled_plants_090512",13,14,10,21.4,NA,NA,10.7,1.1,11.8
"Tremie12","sampled_plants_090512",13,14,11,25.3,NA,NA,12.5,3,16.6
"Tremie12","sampled_plants_090512",13,14,12,25.1,1.6,31.1,14,10.2,28.3
"Tremie12","sampled_plants_090512",13,14,13,19.6,1.9,28.3,13.8,NA,NA
"Tremie12","sampled_plants_090512",14,13,9,NA,NA,NA,11,1,12
"Tremie12","sampled_plants_090512",14,13,10,19.5,NA,NA,13.5,4.3,18.8
"Tremie12","sampled_plants_090512",14,13,11,26.7,NA,NA,14,8.2,27.5
"Tremie12","sampled_plants_090512",14,13,12,26.4,2,39.8,14.2,14,41.7
"Tremie12","sampled_plants_090512",14,13,13,15.7,2.1,24.3,NA,NA,NA
"Tremie12","sampled_plants_090512",15,13,8,NA,NA,NA,NA,2.8,12.7552410024134
"Tremie12","sampled_plants_090512",15,13,9,NA,NA,NA,12,4,16
"Tremie12","sampled_plants_090512",15,13,10,21.5,NA,NA,12.3,10.8,27.1
"Tremie12","sampled_plants_090512",15,13,11,23.9,NA,NA,13.7,14.3,42.8
"Tremie12","sampled_plants_090512",15,13,12,22,1.8,29.7,13.2,NA,NA
"Tremie12","sampled_plants_090512",15,13,13,11.3,1.8,14.6,NA,NA,NA
"Tremie12","sampled_plants_090512",16,13,9,18.8,NA,NA,NA,NA,NA
"Tremie12","sampled_plants_090512",16,13,10,22.3,NA,NA,11.8,1.8,13.6
"Tremie12","sampled_plants_090512",16,13,11,23.8,NA,NA,11.5,4.5,17.8
"Tremie12","sampled_plants_090512",16,13,12,24.2,1.8,33.5,14.5,11.2,32
"Tremie12","sampled_plants_090512",16,13,13,14.8,2.1,23.4,14.6,NA,NA
"Tremie12","sampled_plants_090512",17,13,9,18,NA,NA,8.5,1.5,10
"Tremie12","sampled_plants_090512",17,13,10,19.7,NA,NA,10.5,3.3,15.3
"Tremie12","sampled_plants_090512",17,13,11,19.3,1.5,22.8,11,13.5,29.3
"Tremie12","sampled_plants_090512",17,13,12,16.8,1.7,21.5,12,12.7,43
"Tremie12","sampled_plants_090512",17,13,13,11.7,1.7,14.7,13,NA,NA
"Tremie12","sampled_plants_090512",18,13,9,19.4,NA,NA,9.7,NA,9.7
"Tremie12","sampled_plants_090512",18,13,10,22.8,NA,NA,13,2.2,15.2
"Tremie12","sampled_plants_090512",18,13,11,22.7,1.7,30.3,12.7,7.2,22.1
"Tremie12","sampled_plants_090512",18,13,12,18.8,1.9,26.6,13.5,12.6,35.5
"Tremie12","sampled_plants_090512",18,13,13,10.9,1.7,13.8,14.5,NA,NA
"Tremie12","sampled_plants_090512",19,13,9,19.5,NA,NA,10,NA,10
"Tremie12","sampled_plants_090512",19,13,10,22.9,NA,NA,13.2,2.6,15.8
"Tremie12","sampled_plants_090512",19,13,11,22.7,1.7,30.4,12,6.4,21
"Tremie12","sampled_plants_090512",19,13,12,20.1,1.7,26.8,13,11.8,33.8
"Tremie12","sampled_plants_090512",19,13,13,12,1.9,16.4,14.1,NA,NA
"Tremie12","sampled_plants_090512",20,13,9,NA,NA,NA,8,2.8,10.8
"Tremie12","sampled_plants_090512",20,13,10,21.2,NA,NA,12,4.2,19
"Tremie12","sampled_plants_090512",20,13,11,22.2,NA,NA,12,10.2,29.2
"Tremie12","sampled_plants_090512",20,13,12,21.4,1.7,28.6,13.5,14,44.7
"Tremie12","sampled_plants_090512",20,13,13,12.9,2,18,14,NA,NA
"Tremie12","sampled_plants_090512",21,13,8,NA,NA,NA,NA,NA,6.4636424744999
"Tremie12","sampled_plants_090512",21,13,9,18.7,NA,NA,8.5,2,10.5
"Tremie12","sampled_plants_090512",21,13,10,22.4,NA,NA,12,4.5,18.5
"Tremie12","sampled_plants_090512",21,13,11,21,1.7,27.4,10.7,10.7,27.9
"Tremie12","sampled_plants_090512",21,13,12,23.4,1.8,31.3,14.8,14.7,46.7
"Tremie12","sampled_plants_090512",21,13,13,14.8,2,21.9,14.5,NA,NA
"Tremie12","sampled_plants_090512",22,13,9,NA,NA,NA,8.2,2,10.2
"Tremie12","sampled_plants_090512",22,13,10,21.4,NA,NA,11.5,3.5,17
"Tremie12","sampled_plants_090512",22,13,11,21.2,1.6,25.8,9.8,10.5,25.8
"Tremie12","sampled_plants_090512",22,13,12,21.6,1.6,27,12.1,14.5,42.6
"Tremie12","sampled_plants_090512",22,13,13,13.9,1.9,19.6,13.5,NA,NA
"Tremie12","sampled_plants_090512",23,13,9,16.8,NA,NA,8.1,2,10.1
"Tremie12","sampled_plants_090512",23,13,10,20.7,1.3,20.9,12,5.2,19.2
"Tremie12","sampled_plants_090512",23,13,11,19.7,1.6,24.1,10.7,10.5,28.4
"Tremie12","sampled_plants_090512",23,13,12,18.5,1.7,22.9,11.3,13.2,42.2
"Tremie12","sampled_plants_090512",23,13,13,12.7,1.9,17.9,12.8,NA,NA
"Tremie12","sampled_plants_090512",24,13,9,18.9,NA,NA,9.5,NA,9.5
"Tremie12","sampled_plants_090512",24,13,10,22.8,NA,NA,12.5,2.9,15.4
"Tremie12","sampled_plants_090512",24,13,11,20,1.7,25.7,10.2,4.5,17.6
"Tremie12","sampled_plants_090512",24,13,12,19.5,1.7,25,12.8,11.5,31.7
"Tremie12","sampled_plants_090512",24,13,13,11.8,1.9,16.8,13.5,NA,NA
"Tremie12","sampled_plants_090512",25,13,9,NA,NA,NA,9,NA,9
"Tremie12","sampled_plants_090512",25,13,10,23.1,NA,NA,11.2,1.5,12.7
"Tremie12","sampled_plants_090512",25,13,11,21.3,NA,NA,10,1.7,13.2
"Tremie12","sampled_plants_090512",25,13,12,20.3,1.5,23.7,12,9,24.2
"Tremie12","sampled_plants_090512",25,13,13,14,1.7,17.9,14,NA,NA
"Tremie12","sampled_plants_090512",26,13,9,NA,NA,NA,10.5,NA,10.5
"Tremie12","sampled_plants_090512",26,13,10,23.5,NA,NA,13,3,16
"Tremie12","sampled_plants_090512",26,13,11,22,1.6,28.8,12,7.5,22.5
"Tremie12","sampled_plants_090512",26,13,12,18.1,1.7,23.7,14.2,11.8,36.5
"Tremie12","sampled_plants_090512",26,13,13,11.2,1.8,15.1,13.7,NA,NA
"Tremie12","sampled_plants_090512",27,13,9,NA,NA,NA,9.7,1.6,11.3
"Tremie12","sampled_plants_090512",27,13,10,19.8,NA,NA,11.2,4,16.8
"Tremie12","sampled_plants_090512",27,13,11,20.2,1.4,22.9,11,13,29.6
"Tremie12","sampled_plants_090512",27,13,12,20.5,1.6,23.5,13.3,13.5,45.4
"Tremie12","sampled_plants_090512",27,13,13,12.2,1.4,13.3,14.2,NA,NA
"Tremie12","sampled_plants_090512",28,14,9,NA,NA,NA,7.5,1.2,8.7
"Tremie12","sampled_plants_090512",28,14,10,21.2,NA,NA,11,1.5,13.7
"Tremie12","sampled_plants_090512",28,14,11,NA,NA,NA,10.5,5.8,19
"Tremie12","sampled_plants_090512",28,14,12,20.1,1.5,23.6,11.6,14.5,34.6
"Tremie12","sampled_plants_090512",28,14,13,21,NA,NA,12.5,NA,NA
"Tremie12","sampled_plants_090512",28,14,13,16.8,1.7,22.4,12.5,NA,NA
"Tremie12","sampled_plants_090512",28,14,14,10.5,1.6,12.6,NA,NA,NA
"Tremie12","sampled_plants_090512",29,13,8,NA,NA,NA,NA,0.8,NA
"Tremie12","sampled_plants_090512",29,13,9,21.3,NA,NA,10.8,1.5,12.3
"Tremie12","sampled_plants_090512",29,13,10,21.8,NA,NA,9.5,6.7,17.7
"Tremie12","sampled_plants_090512",29,13,11,23.3,1.4,24.6,12.1,12.7,33
"Tremie12","sampled_plants_090512",29,13,12,20.6,1.7,26.2,13.3,12.2,46.4
"Tremie12","sampled_plants_090512",29,13,13,12.4,1.5,13.1,14.6,NA,NA
"Tremie12","sampled_plants_090512",30,13,9,NA,NA,NA,9,2.9,11.9
"Tremie12","sampled_plants_090512",30,13,10,21.4,NA,NA,11.5,4.7,19.1
"Tremie12","sampled_plants_090512",30,13,11,24.2,NA,NA,11.5,9.8,28.9
"Tremie12","sampled_plants_090512",30,13,12,21.5,1.8,30.8,13.8,13,44.2
"Tremie12","sampled_plants_090512",30,13,13,13.5,2,19.7,13.8,NA,NA
"Tremie12","sampled_plants_110412",1,NA,1,NA,NA,NA,NA,0,NA
"Tremie12","sampled_plants_110412",1,NA,2,NA,NA,NA,NA,0,NA
"Tremie12","sampled_plants_110412",1,NA,3,NA,NA,NA,NA,0,NA
"Tremie12","sampled_plants_110412",1,NA,4,NA,NA,NA,NA,0,NA
"Tremie12","sampled_plants_110412",1,NA,5,NA,NA,NA,NA,0,NA
"Tremie12","sampled_plants_110412",1,NA,6,NA,NA,NA,NA,0,NA
"Tremie12","sampled_plants_110412",1,NA,7,NA,NA,NA,4.5,0,NA
"Tremie12","sampled_plants_110412",1,NA,8,13.4937,NA,NA,8.5,0,12.2417945924646
"Tremie12","sampled_plants_110412",1,NA,9,17.3053,0.89746,11.4301,12.8,NA,17.7954076832293
"Tremie12","sampled_plants_110412",1,NA,10,23.2277,1.0753,18.6318,11.6,NA,NA
"Tremie12","sampled_plants_110412",1,NA,11,22.4178,1.1779,17.903,NA,NA,NA
"Tremie12","sampled_plants_110412",2,NA,1,NA,NA,NA,NA,0,NA
"Tremie12","sampled_plants_110412",2,NA,2,NA,NA,NA,NA,0,NA
"Tremie12","sampled_plants_110412",2,NA,3,NA,NA,NA,NA,0,NA
"Tremie12","sampled_plants_110412",2,NA,4,NA,NA,NA,NA,0,NA
"Tremie12","sampled_plants_110412",2,NA,5,NA,NA,NA,NA,0,NA
"Tremie12","sampled_plants_110412",2,NA,6,NA,NA,NA,NA,0,NA
"Tremie12","sampled_plants_110412",2,NA,7,NA,NA,NA,NA,0,NA
"Tremie12","sampled_plants_110412",2,NA,8,NA,NA,NA,7,0,9.39686912651249
"Tremie12","sampled_plants_110412",2,NA,9,NA,NA,NA,10.5,NA,14.9956175675878
"Tremie12","sampled_plants_110412",2,NA,10,19.2924,NA,NA,13,NA,NA
"Tremie12","sampled_plants_110412",2,NA,11,25.2078,1.328,23.6352,NA,NA,NA
"Tremie12","sampled_plants_110412",3,NA,1,NA,NA,NA,NA,0,NA
"Tremie12","sampled_plants_110412",3,NA,2,NA,NA,NA,NA,0,NA
"Tremie12","sampled_plants_110412",3,NA,3,NA,NA,NA,NA,0,NA
"Tremie12","sampled_plants_110412",3,NA,4,NA,NA,NA,NA,0,NA
"Tremie12","sampled_plants_110412",3,NA,5,NA,NA,NA,NA,0,NA
"Tremie12","sampled_plants_110412",3,NA,6,NA,NA,NA,NA,0,NA
"Tremie12","sampled_plants_110412",3,NA,7,14.0382,NA,NA,4.4,0,11.4727276969559
"Tremie12","sampled_plants_110412",3,NA,8,17.5541,1.2361,16.6177,7.9,0,16.0452814277221
"Tremie12","sampled_plants_110412",3,NA,9,22.4893,1.4679,24.9439,11.4,NA,21.4560840250812
"Tremie12","sampled_plants_110412",3,NA,10,21.7237,1.5536,26.0132,10.8,NA,NA
"Tremie12","sampled_plants_110412",4,NA,1,NA,NA,NA,NA,0,NA
"Tremie12","sampled_plants_110412",4,NA,2,NA,NA,NA,NA,0,NA
"Tremie12","sampled_plants_110412",4,NA,3,NA,NA,NA,NA,0,NA
"Tremie12","sampled_plants_110412",4,NA,4,NA,NA,NA,NA,0,NA
"Tremie12","sampled_plants_110412",4,NA,5,NA,NA,NA,NA,0,NA
"Tremie12","sampled_plants_110412",4,NA,6,NA,NA,NA,NA,0,NA
"Tremie12","sampled_plants_110412",4,NA,7,NA,NA,NA,5.2,0,NA
"Tremie12","sampled_plants_110412",4,NA,8,NA,NA,NA,6.5,0,12.2834834818815
"Tremie12","sampled_plants_110412",4,NA,9,16.7455,1.2731,16.191,11.3,NA,18.8593476057291
"Tremie12","sampled_plants_110412",4,NA,10,21.7896,1.401,24.104,10.1,NA,NA
"Tremie12","sampled_plants_110412",4,NA,11,18.225,1.3851,19.1987,NA,NA,NA
"Tremie12","sampled_plants_110412",5,NA,1,NA,NA,NA,NA,0,NA
"Tremie12","sampled_plants_110412",5,NA,2,NA,NA,NA,NA,0,NA
"Tremie12","sampled_plants_110412",5,NA,3,NA,NA,NA,NA,0,NA
"Tremie12","sampled_plants_110412",5,NA,4,NA,NA,NA,NA,0,NA
"Tremie12","sampled_plants_110412",5,NA,5,NA,NA,NA,NA,0,NA
"Tremie12","sampled_plants_110412",5,NA,6,NA,NA,NA,NA,0,NA
"Tremie12","sampled_plants_110412",5,NA,7,9.3461,NA,NA,4.5,0,6.79973179319949
"Tremie12","sampled_plants_110412",5,NA,8,12.9017,0.89268,9.125,8.2,0,8.75067925160346
"Tremie12","sampled_plants_110412",5,NA,9,18.5595,1.1514,15.9598,8.1,NA,13.9408415038657
"Tremie12","sampled_plants_110412",5,NA,10,19.8058,1.3962,20.9032,NA,NA,NA
"Tremie12","sampled_plants_110412",6,NA,1,NA,NA,NA,NA,0,NA
"Tremie12","sampled_plants_110412",6,NA,2,NA,NA,NA,NA,0,NA
"Tremie12","sampled_plants_110412",6,NA,3,NA,NA,NA,NA,0,NA
"Tremie12","sampled_plants_110412",6,NA,4,NA,NA,NA,NA,0,NA
"Tremie12","sampled_plants_110412",6,NA,5,NA,NA,NA,NA,0,NA
"Tremie12","sampled_plants_110412",6,NA,6,NA,NA,NA,NA,0,NA
"Tremie12","sampled_plants_110412",6,NA,7,NA,NA,NA,NA,0,NA
"Tremie12","sampled_plants_110412",6,NA,8,NA,NA,NA,5,0,NA
"Tremie12","sampled_plants_110412",6,NA,9,15.8126,NA,NA,9.5,NA,11.0195855359925
"Tremie12","sampled_plants_110412",6,NA,10,18.4338,1.2825,17.8339,12.2,NA,NA
"Tremie12","sampled_plants_110412",6,NA,11,23.3246,1.3258,22.8386,NA,NA,NA
"Tremie12","sampled_plants_110412",7,NA,1,NA,NA,NA,NA,0,NA
"Tremie12","sampled_plants_110412",7,NA,2,NA,NA,NA,NA,0,NA
"Tremie12","sampled_plants_110412",7,NA,3,NA,NA,NA,NA,0,NA
"Tremie12","sampled_plants_110412",7,NA,4,NA,NA,NA,NA,0,NA
"Tremie12","sampled_plants_110412",7,NA,5,NA,NA,NA,NA,0,NA
"Tremie12","sampled_plants_110412",7,NA,6,NA,NA,NA,NA,0,NA
"Tremie12","sampled_plants_110412",7,NA,7,NA,NA,NA,3.1,0,5.62258652925556
"Tremie12","sampled_plants_110412",7,NA,8,12.4328,NA,NA,7.8,0,10.1362492929646
"Tremie12","sampled_plants_110412",7,NA,9,17.835,1.1485,15.8933,11.7,NA,11.21631424841
"Tremie12","sampled_plants_110412",7,NA,10,22.2454,1.4002,23.8114,12.5,NA,NA
"Tremie12","sampled_plants_110412",8,NA,1,NA,NA,NA,NA,0,NA
"Tremie12","sampled_plants_110412",8,NA,2,NA,NA,NA,NA,0,NA
"Tremie12","sampled_plants_110412",8,NA,3,NA,NA,NA,NA,0,NA
"Tremie12","sampled_plants_110412",8,NA,4,NA,NA,NA,NA,0,NA
"Tremie12","sampled_plants_110412",8,NA,5,NA,NA,NA,NA,0,NA
"Tremie12","sampled_plants_110412",8,NA,6,NA,NA,NA,NA,0,NA
"Tremie12","sampled_plants_110412",8,NA,7,NA,NA,NA,5.2,0,NA
"Tremie12","sampled_plants_110412",8,NA,8,16.4142,NA,NA,9.8,0,8.0654863866277
"Tremie12","sampled_plants_110412",8,NA,9,20.9865,1.1388,19.283,12.8,NA,13.6623538234752
"Tremie12","sampled_plants_110412",8,NA,10,22.7392,1.4046,23.5951,11.7,NA,NA
"Tremie12","sampled_plants_110412",9,NA,1,NA,NA,NA,NA,0,NA
"Tremie12","sampled_plants_110412",9,NA,2,NA,NA,NA,NA,0,NA
"Tremie12","sampled_plants_110412",9,NA,3,NA,NA,NA,NA,0,NA
"Tremie12","sampled_plants_110412",9,NA,4,NA,NA,NA,NA,0,NA
"Tremie12","sampled_plants_110412",9,NA,5,NA,NA,NA,NA,0,NA
"Tremie12","sampled_plants_110412",9,NA,6,NA,NA,NA,NA,0,NA
"Tremie12","sampled_plants_110412",9,NA,7,NA,NA,NA,NA,0,NA
"Tremie12","sampled_plants_110412",9,NA,8,NA,NA,NA,6,0,4.60205601363236
"Tremie12","sampled_plants_110412",9,NA,9,13.0005,1.0883,11.542,10,NA,9.2051370274549
"Tremie12","sampled_plants_110412",9,NA,10,19.6616,1.396,22.0081,11.5,NA,NA
"Tremie12","sampled_plants_110412",9,NA,11,22.2564,1.5036,26.8473,NA,NA,NA
"Tremie12","sampled_plants_110412",10,NA,1,NA,NA,NA,NA,0,NA
"Tremie12","sampled_plants_110412",10,NA,2,NA,NA,NA,NA,0,NA
"Tremie12","sampled_plants_110412",10,NA,3,NA,NA,NA,NA,0,NA
"Tremie12","sampled_plants_110412",10,NA,4,NA,NA,NA,NA,0,NA
"Tremie12","sampled_plants_110412",10,NA,5,NA,NA,NA,NA,0,NA
"Tremie12","sampled_plants_110412",10,NA,6,NA,NA,NA,NA,0,NA
"Tremie12","sampled_plants_110412",10,NA,7,NA,NA,NA,NA,0,NA
"Tremie12","sampled_plants_110412",10,NA,8,12.3502,NA,NA,5.2,0,7.99801694484993
"Tremie12","sampled_plants_110412",10,NA,9,10.7775,1.1277,9.6471,10,NA,13.1114972913086
"Tremie12","sampled_plants_110412",10,NA,10,19.6907,1.3044,19.9027,13,NA,NA
"Tremie12","sampled_plants_110412",11,NA,1,NA,NA,NA,NA,0,NA
"Tremie12","sampled_plants_110412",11,NA,2,NA,NA,NA,NA,0,NA
"Tremie12","sampled_plants_110412",11,NA,3,NA,NA,NA,NA,0,NA
"Tremie12","sampled_plants_110412",11,NA,4,NA,NA,NA,NA,0,NA
"Tremie12","sampled_plants_110412",11,NA,5,NA,NA,NA,NA,0,NA
"Tremie12","sampled_plants_110412",11,NA,6,NA,NA,NA,NA,0,NA
"Tremie12","sampled_plants_110412",11,NA,7,NA,NA,NA,3.2,0,NA
"Tremie12","sampled_plants_110412",11,NA,8,12.0333,NA,NA,6.1,0,5.55233240527888
"Tremie12","sampled_plants_110412",11,NA,9,15.4079,1.2362,14.8286,10,NA,11.2749637640572
"Tremie12","sampled_plants_110412",11,NA,10,20.4812,1.4358,23.1577,11.4,NA,NA
"Tremie12","sampled_plants_110412",11,NA,11,21.1809,1.5296,25.1301,NA,NA,NA
"Tremie12","sampled_plants_110412",12,NA,1,NA,NA,NA,NA,0,NA
"Tremie12","sampled_plants_110412",12,NA,2,NA,NA,NA,NA,0,NA
"Tremie12","sampled_plants_110412",12,NA,3,NA,NA,NA,NA,0,NA
"Tremie12","sampled_plants_110412",12,NA,4,NA,NA,NA,NA,0,NA
"Tremie12","sampled_plants_110412",12,NA,5,NA,NA,NA,NA,0,NA
"Tremie12","sampled_plants_110412",12,NA,6,NA,NA,NA,NA,0,NA
"Tremie12","sampled_plants_110412",12,NA,7,NA,NA,NA,NA,0,NA
"Tremie12","sampled_plants_110412",12,NA,8,14.5912,1.1711,13.3653,6.1,0,6.66170360148038
"Tremie12","sampled_plants_110412",12,NA,9,19.271,1.4175,20.6438,9.87,NA,10.9311876100123
"Tremie12","sampled_plants_110412",12,NA,10,21.5002,1.5503,24.9222,11.2,NA,NA
"Tremie12","sampled_plants_110412",13,NA,1,NA,NA,NA,NA,0,NA
"Tremie12","sampled_plants_110412",13,NA,2,NA,NA,NA,NA,0,NA
"Tremie12","sampled_plants_110412",13,NA,3,NA,NA,NA,NA,0,NA
"Tremie12","sampled_plants_110412",13,NA,4,NA,NA,NA,NA,0,NA
"Tremie12","sampled_plants_110412",13,NA,5,NA,NA,NA,NA,0,NA
"Tremie12","sampled_plants_110412",13,NA,6,NA,NA,NA,NA,0,NA
"Tremie12","sampled_plants_110412",13,NA,7,NA,NA,NA,5.8,0,1.76286263253654
"Tremie12","sampled_plants_110412",13,NA,8,12.4143,1.2001,11.2838,9,0,NA
"Tremie12","sampled_plants_110412",13,NA,9,19.6431,1.2528,19.1769,10.5,NA,10.1537806708307
"Tremie12","sampled_plants_110412",13,NA,10,21.724,1.4606,24.9839,11.8,NA,NA
"Tremie12","sampled_plants_110412",14,NA,1,NA,NA,NA,NA,0,NA
"Tremie12","sampled_plants_110412",14,NA,2,NA,NA,NA,NA,0,NA
"Tremie12","sampled_plants_110412",14,NA,3,NA,NA,NA,NA,0,NA
"Tremie12","sampled_plants_110412",14,NA,4,NA,NA,NA,NA,0,NA
"Tremie12","sampled_plants_110412",14,NA,5,NA,NA,NA,NA,0,NA
"Tremie12","sampled_plants_110412",14,NA,6,NA,NA,NA,NA,0,NA
"Tremie12","sampled_plants_110412",14,NA,7,NA,NA,NA,NA,0,NA
"Tremie12","sampled_plants_110412",14,NA,8,14.8272,1.1291,13.1016,6.3,0,11.5668027763362
"Tremie12","sampled_plants_110412",14,NA,9,22.1005,NA,NA,10.2,NA,17.2350404501356
"Tremie12","sampled_plants_110412",14,NA,10,23.7046,1.5641,27.9934,10.4,NA,NA
"Tremie12","sampled_plants_110412",15,NA,1,NA,NA,NA,NA,0,NA
"Tremie12","sampled_plants_110412",15,NA,2,NA,NA,NA,NA,0,NA
"Tremie12","sampled_plants_110412",15,NA,3,NA,NA,NA,NA,0,NA
"Tremie12","sampled_plants_110412",15,NA,4,NA,NA,NA,NA,0,NA
"Tremie12","sampled_plants_110412",15,NA,5,NA,NA,NA,NA,0,NA
"Tremie12","sampled_plants_110412",15,NA,6,NA,NA,NA,NA,0,NA
"Tremie12","sampled_plants_110412",15,NA,7,NA,NA,NA,5.8,0,4.06080954863419
"Tremie12","sampled_plants_110412",15,NA,8,NA,NA,NA,9.7,0,9.15341855404698
"Tremie12","sampled_plants_110412",15,NA,9,19.043,1.3031,19.8709,12.7,NA,14.6830869966894
"Tremie12","sampled_plants_110412",15,NA,10,23.9638,1.5261,27.8886,11.2,NA,NA
"Tremie12","sampled_plants_110412",15,NA,11,24.7097,1.6859,32.0856,NA,NA,NA
"Tremie12","sampled_plants_110412",16,NA,1,NA,NA,NA,NA,0,NA
"Tremie12","sampled_plants_110412",16,NA,2,NA,NA,NA,NA,0,NA
"Tremie12","sampled_plants_110412",16,NA,3,NA,NA,NA,NA,0,NA
"Tremie12","sampled_plants_110412",16,NA,4,NA,NA,NA,NA,0,NA
"Tremie12","sampled_plants_110412",16,NA,5,NA,NA,NA,NA,0,NA
"Tremie12","sampled_plants_110412",16,NA,6,NA,NA,NA,NA,0,NA
"Tremie12","sampled_plants_110412",16,NA,7,NA,NA,NA,5.4,0,NA
"Tremie12","sampled_plants_110412",16,NA,8,NA,NA,NA,8.8,0,7.41569748038069
"Tremie12","sampled_plants_110412",16,NA,9,19.213,1.194,17.0509,12.7,NA,12.6638443650047
"Tremie12","sampled_plants_110412",16,NA,10,24.1383,1.363,25.0212,12,NA,NA
"Tremie12","sampled_plants_110412",16,NA,11,25.2217,1.4515,28.8402,NA,NA,NA
"Tremie12","sampled_plants_110412",17,NA,1,NA,NA,NA,NA,0,NA
"Tremie12","sampled_plants_110412",17,NA,2,NA,NA,NA,NA,0,NA
"Tremie12","sampled_plants_110412",17,NA,3,NA,NA,NA,NA,0,NA
"Tremie12","sampled_plants_110412",17,NA,4,NA,NA,NA,NA,0,NA
"Tremie12","sampled_plants_110412",17,NA,5,NA,NA,NA,NA,0,NA
"Tremie12","sampled_plants_110412",17,NA,6,NA,NA,NA,NA,0,NA
"Tremie12","sampled_plants_110412",17,NA,7,NA,NA,NA,NA,0,NA
"Tremie12","sampled_plants_110412",17,NA,8,13.1065,NA,NA,6.5,0,6.73493818832646
"Tremie12","sampled_plants_110412",17,NA,9,15.3891,1.2941,15.6623,10,NA,12.2083119732046
"Tremie12","sampled_plants_110412",17,NA,10,19.5362,1.3708,20.5331,11.3,NA,NA
"Tremie12","sampled_plants_110412",17,NA,11,21.8069,1.5657,26.8379,NA,NA,NA
"Tremie12","sampled_plants_110412",18,NA,1,NA,NA,NA,NA,0,NA
"Tremie12","sampled_plants_110412",18,NA,2,NA,NA,NA,NA,0,NA
"Tremie12","sampled_plants_110412",18,NA,3,NA,NA,NA,NA,0,NA
"Tremie12","sampled_plants_110412",18,NA,4,NA,NA,NA,NA,0,NA
"Tremie12","sampled_plants_110412",18,NA,5,NA,NA,NA,NA,0,NA
"Tremie12","sampled_plants_110412",18,NA,6,NA,NA,NA,NA,0,NA
"Tremie12","sampled_plants_110412",18,NA,7,NA,NA,NA,5.6,0,NA
"Tremie12","sampled_plants_110412",18,NA,8,15.4476,NA,NA,9.5,0,7.4857888388833
"Tremie12","sampled_plants_110412",18,NA,9,18.3128,1.4044,20.2299,12.8,NA,13.0170865589058
"Tremie12","sampled_plants_110412",18,NA,10,23.4729,1.5936,29.3223,10.4,NA,NA
"Tremie12","sampled_plants_110412",18,NA,11,22.4921,1.8552,31.6841,NA,NA,NA
"Tremie12","sampled_plants_110412",19,NA,1,NA,NA,NA,NA,0,NA
"Tremie12","sampled_plants_110412",19,NA,2,NA,NA,NA,NA,0,NA
"Tremie12","sampled_plants_110412",19,NA,3,NA,NA,NA,NA,0,NA
"Tremie12","sampled_plants_110412",19,NA,4,NA,NA,NA,NA,0,NA
"Tremie12","sampled_plants_110412",19,NA,5,NA,NA,NA,NA,0,NA
"Tremie12","sampled_plants_110412",19,NA,6,NA,NA,NA,NA,0,NA
"Tremie12","sampled_plants_110412",19,NA,7,NA,NA,NA,4.5,0,NA
"Tremie12","sampled_plants_110412",19,NA,8,14.0905,NA,NA,9.5,0,NA
"Tremie12","sampled_plants_110412",19,NA,9,19.7434,1.2923,19.4482,13,NA,NA
"Tremie12","sampled_plants_110412",19,NA,10,24.8358,1.5537,29.4641,10.5,NA,NA
"Tremie12","sampled_plants_110412",19,NA,11,22.2317,1.7341,29.5804,NA,NA,NA
"Tremie12","sampled_plants_110412",20,NA,1,NA,NA,NA,NA,0,NA
"Tremie12","sampled_plants_110412",20,NA,2,NA,NA,NA,NA,0,NA
"Tremie12","sampled_plants_110412",20,NA,3,NA,NA,NA,NA,0,NA
"Tremie12","sampled_plants_110412",20,NA,4,NA,NA,NA,NA,0,NA
"Tremie12","sampled_plants_110412",20,NA,5,NA,NA,NA,NA,0,NA
"Tremie12","sampled_plants_110412",20,NA,6,NA,NA,NA,NA,0,NA
"Tremie12","sampled_plants_110412",20,NA,7,NA,NA,NA,NA,0,NA
"Tremie12","sampled_plants_110412",20,NA,8,9.5399,0.41424,2.9905,NA,0,NA
"Tremie12","sampled_plants_110412",20,NA,9,11.7616,0.72969,6.737,7.5,0,NA
"Tremie12","sampled_plants_110412",20,NA,10,15.7079,NA,NA,10.2,NA,NA
"Tremie12","sampled_plants_110412",20,NA,11,21.3251,1.4119,22.6402,NA,NA,NA
"Tremie12","sampled_plants_110412",20,NA,12,22.5265,1.5547,25.9139,NA,NA,NA
"Tremie12","sampled_plants_110412",21,NA,1,NA,NA,NA,NA,0,NA
"Tremie12","sampled_plants_110412",21,NA,2,NA,NA,NA,NA,0,NA
"Tremie12","sampled_plants_110412",21,NA,3,NA,NA,NA,NA,0,NA
"Tremie12","sampled_plants_110412",21,NA,4,NA,NA,NA,NA,0,NA
"Tremie12","sampled_plants_110412",21,NA,5,NA,NA,NA,NA,0,NA
"Tremie12","sampled_plants_110412",21,NA,6,NA,NA,NA,NA,0,NA
"Tremie12","sampled_plants_110412",21,NA,7,NA,NA,NA,6,0,NA
"Tremie12","sampled_plants_110412",21,NA,8,17.1221,1.1189,15.235,10.5,NA,NA
"Tremie12","sampled_plants_110412",21,NA,9,20.1094,1.3004,21.3177,13.3,NA,NA
"Tremie12","sampled_plants_110412",21,NA,10,25.0552,1.5344,30.9284,11.2,NA,NA
"Tremie12","sampled_plants_110412",21,NA,11,22.0017,NA,NA,NA,NA,NA
"Tremie12","sampled_plants_110412",22,NA,1,NA,NA,NA,NA,0,NA
"Tremie12","sampled_plants_110412",22,NA,2,NA,NA,NA,NA,0,NA
"Tremie12","sampled_plants_110412",22,NA,3,NA,NA,NA,NA,0,NA
"Tremie12","sampled_plants_110412",22,NA,4,NA,NA,NA,NA,0,NA
"Tremie12","sampled_plants_110412",22,NA,5,NA,NA,NA,NA,0,NA
"Tremie12","sampled_plants_110412",22,NA,6,NA,NA,NA,NA,0,NA
"Tremie12","sampled_plants_110412",22,NA,7,NA,NA,NA,9.5,0,3.24183981560215
"Tremie12","sampled_plants_110412",22,NA,8,19.3673,1.2306,18.438,12.8,NA,11.431493445914
"Tremie12","sampled_plants_110412",22,NA,9,21.7607,1.4907,23.8526,13.5,NA,15.7184558347998
"Tremie12","sampled_plants_110412",22,NA,10,26.4006,NA,NA,NA,NA,NA
"Tremie12","sampled_plants_110412",23,NA,1,NA,NA,NA,NA,0,NA
"Tremie12","sampled_plants_110412",23,NA,2,NA,NA,NA,NA,0,NA
"Tremie12","sampled_plants_110412",23,NA,3,NA,NA,NA,NA,0,NA
"Tremie12","sampled_plants_110412",23,NA,4,NA,NA,NA,NA,0,NA
"Tremie12","sampled_plants_110412",23,NA,5,NA,NA,NA,NA,0,NA
"Tremie12","sampled_plants_110412",23,NA,6,NA,NA,NA,NA,0,NA
"Tremie12","sampled_plants_110412",23,NA,7,NA,NA,NA,NA,0,NA
"Tremie12","sampled_plants_110412",23,NA,8,NA,NA,NA,7.8,0,5.9644718164441
"Tremie12","sampled_plants_110412",23,NA,9,NA,NA,NA,12,NA,10.9507603609543
"Tremie12","sampled_plants_110412",23,NA,10,23.2368,1.532,27.1607,13.3,NA,NA
"Tremie12","sampled_plants_110412",23,NA,11,24.3114,1.6843,32.5106,NA,NA,NA
"Tremie12","sampled_plants_110412",24,NA,1,NA,NA,NA,NA,0,NA
"Tremie12","sampled_plants_110412",24,NA,2,NA,NA,NA,NA,0,NA
"Tremie12","sampled_plants_110412",24,NA,3,NA,NA,NA,NA,0,NA
"Tremie12","sampled_plants_110412",24,NA,4,NA,NA,NA,NA,0,NA
"Tremie12","sampled_plants_110412",24,NA,5,NA,NA,NA,NA,0,NA
"Tremie12","sampled_plants_110412",24,NA,6,NA,NA,NA,NA,0,7.5633709298394
"Tremie12","sampled_plants_110412",24,NA,7,NA,NA,NA,6,0,12.0811649437074
"Tremie12","sampled_plants_110412",24,NA,8,21.7157,NA,NA,11.4,NA,18.2033325841033
"Tremie12","sampled_plants_110412",24,NA,9,26.2802,1.6141,32.4538,13.3,NA,23.3315683215381
"Tremie12","sampled_plants_110412",24,NA,10,NA,NA,NA,12.5,NA,NA
"Tremie12","sampled_plants_110412",25,NA,1,NA,NA,NA,NA,0,NA
"Tremie12","sampled_plants_110412",25,NA,2,NA,NA,NA,NA,0,NA
"Tremie12","sampled_plants_110412",25,NA,3,NA,NA,NA,NA,0,NA
"Tremie12","sampled_plants_110412",25,NA,4,NA,NA,NA,NA,0,NA
"Tremie12","sampled_plants_110412",25,NA,5,NA,NA,NA,NA,0,NA
"Tremie12","sampled_plants_110412",25,NA,6,NA,NA,NA,NA,0,NA
"Tremie12","sampled_plants_110412",25,NA,7,NA,NA,NA,NA,0,NA
"Tremie12","sampled_plants_110412",25,NA,8,NA,NA,NA,NA,0,8.35627923351391
"Tremie12","sampled_plants_110412",25,NA,9,17.7119,NA,NA,10,NA,13.0412884504201
"Tremie12","sampled_plants_110412",25,NA,10,18.4042,1.1906,18.0483,13.2,NA,NA
"Tremie12","sampled_plants_110412",25,NA,11,21.5046,1.4756,25.1705,NA,NA,NA
"Tremie12","sampled_plants_110412",26,NA,1,NA,NA,NA,NA,0,NA
"Tremie12","sampled_plants_110412",26,NA,2,NA,NA,NA,NA,0,NA
"Tremie12","sampled_plants_110412",26,NA,3,NA,NA,NA,NA,0,NA
"Tremie12","sampled_plants_110412",26,NA,4,NA,NA,NA,NA,0,NA
"Tremie12","sampled_plants_110412",26,NA,5,NA,NA,NA,NA,0,NA
"Tremie12","sampled_plants_110412",26,NA,6,NA,NA,NA,NA,0,NA
"Tremie12","sampled_plants_110412",26,NA,7,NA,NA,NA,7.5,0,NA
"Tremie12","sampled_plants_110412",26,NA,8,NA,NA,NA,11.5,NA,9.66758856720899
"Tremie12","sampled_plants_110412",26,NA,9,21.1998,NA,NA,13.2,NA,15.1074787071099
"Tremie12","sampled_plants_110412",26,NA,10,25.3063,1.5395,29.5962,13.7,NA,NA
"Tremie12","sampled_plants_110412",26,NA,11,25.5833,1.7655,35.1031,NA,NA,NA
"Tremie12","sampled_plants_110412",27,NA,1,NA,NA,NA,NA,0,NA
"Tremie12","sampled_plants_110412",27,NA,2,NA,NA,NA,NA,0,NA
"Tremie12","sampled_plants_110412",27,NA,3,NA,NA,NA,NA,0,NA
"Tremie12","sampled_plants_110412",27,NA,4,NA,NA,NA,NA,0,NA
"Tremie12","sampled_plants_110412",27,NA,5,NA,NA,NA,NA,0,NA
"Tremie12","sampled_plants_110412",27,NA,6,NA,NA,NA,NA,0,NA
"Tremie12","sampled_plants_110412",27,NA,7,NA,NA,NA,4.7,0,NA
"Tremie12","sampled_plants_110412",27,NA,8,11.7867,NA,NA,7.8,0,7.60906093537175
"Tremie12","sampled_plants_110412",27,NA,9,18.2518,0.94305,13.1611,10.3,NA,11.2550810939102
"Tremie12","sampled_plants_110412",27,NA,10,20.5604,1.3191,19.8524,12,NA,NA
"Tremie12","sampled_plants_110412",28,NA,1,NA,NA,NA,NA,0,NA
"Tremie12","sampled_plants_110412",28,NA,2,NA,NA,NA,NA,0,NA
"Tremie12","sampled_plants_110412",28,NA,3,NA,NA,NA,NA,0,NA
"Tremie12","sampled_plants_110412",28,NA,4,NA,NA,NA,NA,0,NA
"Tremie12","sampled_plants_110412",28,NA,5,NA,NA,NA,NA,0,NA
"Tremie12","sampled_plants_110412",28,NA,6,NA,NA,NA,NA,0,NA
"Tremie12","sampled_plants_110412",28,NA,7,NA,NA,NA,NA,0,5.34184646201511
"Tremie12","sampled_plants_110412",28,NA,8,20.9187,1.3612,21.4222,8.7,NA,10.1556771296254
"Tremie12","sampled_plants_110412",28,NA,9,24.1659,NA,NA,12.5,NA,13.7797282116984
"Tremie12","sampled_plants_110412",28,NA,10,26.1718,NA,NA,13.5,NA,NA
"Tremie12","sampled_plants_110412",29,NA,1,NA,NA,NA,NA,0,NA
"Tremie12","sampled_plants_110412",29,NA,2,NA,NA,NA,NA,0,NA
"Tremie12","sampled_plants_110412",29,NA,3,NA,NA,NA,NA,0,NA
"Tremie12","sampled_plants_110412",29,NA,4,NA,NA,NA,NA,0,NA
"Tremie12","sampled_plants_110412",29,NA,5,NA,NA,NA,NA,0,NA
"Tremie12","sampled_plants_110412",29,NA,6,NA,NA,NA,NA,0,NA
"Tremie12","sampled_plants_110412",29,NA,7,NA,NA,NA,6.5,0,NA
"Tremie12","sampled_plants_110412",29,NA,8,17.1954,1.3707,18.9972,11.7,NA,7.61731953303683
"Tremie12","sampled_plants_110412",29,NA,9,21.2205,1.5902,25.9934,13,NA,11.7484464681513
"Tremie12","sampled_plants_110412",29,NA,10,25.2249,NA,NA,13.2,NA,NA
"Tremie12","sampled_plants_110412",30,NA,1,NA,NA,NA,NA,0,NA
"Tremie12","sampled_plants_110412",30,NA,2,NA,NA,NA,NA,0,NA
"Tremie12","sampled_plants_110412",30,NA,3,NA,NA,NA,NA,0,NA
"Tremie12","sampled_plants_110412",30,NA,4,NA,NA,NA,NA,0,NA
"Tremie12","sampled_plants_110412",30,NA,5,NA,NA,NA,NA,0,NA
"Tremie12","sampled_plants_110412",30,NA,6,NA,NA,NA,NA,0,NA
"Tremie12","sampled_plants_110412",30,NA,7,NA,NA,NA,NA,0,NA
"Tremie12","sampled_plants_110412",30,NA,8,12.3644,NA,NA,8.8,0,7.67593806697942
"Tremie12","sampled_plants_110412",30,NA,9,19.1948,0.95249,13.4086,11.9,NA,11.9774290374391
"Tremie12","sampled_plants_110412",30,NA,10,23.0384,1.4282,23.4967,12.6,NA,NA
"Tremie12","sampled_plants_120612",1,12,7,NA,NA,NA,NA,NA,5.3257376651268
"Tremie12","sampled_plants_120612",1,12,8,NA,NA,NA,NA,1.5,9.6517718303729
"Tremie12","sampled_plants_120612",1,12,9,NA,NA,NA,10.1,2,13.6
"Tremie12","sampled_plants_120612",1,12,10,NA,NA,NA,13,7.5,24
"Tremie12","sampled_plants_120612",1,12,11,NA,NA,NA,15,15.4,41.4
"Tremie12","sampled_plants_120612",1,12,12,NA,NA,NA,17.3,19,62.7
"Tremie12","sampled_plants_120612",2,13,8,NA,NA,NA,NA,1,7.04712904456204
"Tremie12","sampled_plants_120612",2,13,9,NA,NA,NA,12.5,2,15.5
"Tremie12","sampled_plants_120612",2,13,10,NA,NA,NA,11,3,17
"Tremie12","sampled_plants_120612",2,13,11,NA,NA,NA,13,13.5,32.5
"Tremie12","sampled_plants_120612",2,13,12,NA,NA,NA,13.4,15,47.9
"Tremie12","sampled_plants_120612",2,13,13,NA,NA,NA,14.8,20,69.3
"Tremie12","sampled_plants_120612",3,13,7,NA,NA,NA,NA,NA,4.73862177866919
"Tremie12","sampled_plants_120612",3,13,8,NA,NA,NA,NA,NA,8.29498360213364
"Tremie12","sampled_plants_120612",3,13,9,NA,NA,NA,NA,NA,15.1851148574256
"Tremie12","sampled_plants_120612",3,13,10,NA,NA,NA,NA,NA,20.3803715050913
"Tremie12","sampled_plants_120612",3,13,11,NA,NA,NA,NA,NA,36.5239833033369
"Tremie12","sampled_plants_120612",3,13,12,NA,NA,NA,NA,NA,51.7294546619933
"Tremie12","sampled_plants_120612",3,13,13,NA,NA,NA,NA,NA,73
"Tremie12","sampled_plants_120612",4,12,8,NA,NA,NA,NA,1.3,11.5872031018666
"Tremie12","sampled_plants_120612",4,12,9,NA,NA,NA,11.5,5,17.8
"Tremie12","sampled_plants_120612",4,12,10,NA,NA,NA,12,13.1,31.4
"Tremie12","sampled_plants_120612",4,12,11,NA,NA,NA,12.3,15.3,47
"Tremie12","sampled_plants_120612",4,12,12,NA,NA,NA,14.5,19.2,68.4
"Tremie12","sampled_plants_120612",5,12,8,NA,NA,NA,11.5,1.8,13.3
"Tremie12","sampled_plants_120612",5,12,9,NA,NA,NA,10,2,13.8
"Tremie12","sampled_plants_120612",5,12,10,NA,NA,NA,13,11,27.8
"Tremie12","sampled_plants_120612",5,12,11,NA,NA,NA,14.2,13.7,42.7
"Tremie12","sampled_plants_120612",5,12,12,NA,NA,NA,16.5,19.5,64.5
"Tremie12","sampled_plants_120612",6,12,8,NA,NA,NA,NA,4,14.9334814802043
"Tremie12","sampled_plants_120612",6,12,9,NA,NA,NA,11.2,4.1,19.3
"Tremie12","sampled_plants_120612",6,12,10,NA,NA,NA,12.6,11,31.7
"Tremie12","sampled_plants_120612",6,12,11,NA,NA,NA,13,15.5,47.6
"Tremie12","sampled_plants_120612",6,12,12,NA,NA,NA,14,19,67.6
"Tremie12","sampled_plants_120612",7,13,8,NA,NA,NA,NA,NA,3.75742384541639
"Tremie12","sampled_plants_120612",7,13,9,NA,NA,NA,9,1,10
"Tremie12","sampled_plants_120612",7,13,10,NA,NA,NA,12.3,5,18.3
"Tremie12","sampled_plants_120612",7,13,11,NA,NA,NA,13.4,11.5,30.9
"Tremie12","sampled_plants_120612",7,13,12,NA,NA,NA,14.5,13.5,45.5
"Tremie12","sampled_plants_120612",7,13,13,NA,NA,NA,15.6,20.5,67.1
"Tremie12","sampled_plants_120612",8,13,9,NA,NA,NA,13,2.5,15.5
"Tremie12","sampled_plants_120612",8,13,10,NA,NA,NA,12.5,6.3,21.3
"Tremie12","sampled_plants_120612",8,13,11,NA,NA,NA,13.5,12.3,34.6
"Tremie12","sampled_plants_120612",8,13,12,NA,NA,NA,14.5,15.8,51.4
"Tremie12","sampled_plants_120612",8,13,13,NA,NA,NA,15.5,20,72.4
"Tremie12","sampled_plants_120612",9,12,8,NA,NA,NA,9.9,1,10.9
"Tremie12","sampled_plants_120612",9,12,9,NA,NA,NA,10.5,3.8,15.3
"Tremie12","sampled_plants_120612",9,12,10,NA,NA,NA,12,12,28.8
"Tremie12","sampled_plants_120612",9,12,11,NA,NA,NA,13.5,13.3,43.6
"Tremie12","sampled_plants_120612",9,12,12,NA,NA,NA,15.5,21,66.6
"Tremie12","sampled_plants_120612",10,13,8,NA,NA,NA,NA,2,NA
"Tremie12","sampled_plants_120612",10,13,9,NA,NA,NA,11,2.5,15.5
"Tremie12","sampled_plants_120612",10,13,10,NA,NA,NA,11.3,6,21.8
"Tremie12","sampled_plants_120612",10,13,11,NA,NA,NA,12,11,33.5
"Tremie12","sampled_plants_120612",10,13,12,NA,NA,NA,13,14.5,49
"Tremie12","sampled_plants_120612",10,13,13,NA,NA,NA,15,19,70
"Tremie12","sampled_plants_120612",11,12,8,NA,NA,NA,NA,1.3,11.4212432160632
"Tremie12","sampled_plants_120612",11,12,9,NA,NA,NA,11.7,4.5,17.5
"Tremie12","sampled_plants_120612",11,12,10,NA,NA,NA,12.5,13.5,31.8
"Tremie12","sampled_plants_120612",11,12,11,NA,NA,NA,13.7,14.8,47.8
"Tremie12","sampled_plants_120612",11,12,12,NA,NA,NA,16.2,19.6,69.9
"Tremie12","sampled_plants_120612",12,13,8,NA,NA,NA,10.5,1.8,12.3
"Tremie12","sampled_plants_120612",12,13,9,NA,NA,NA,11.3,3.5,16.6
"Tremie12","sampled_plants_120612",12,13,10,NA,NA,NA,11.9,11.2,28.4
"Tremie12","sampled_plants_120612",12,13,11,NA,NA,NA,12.2,11.5,40.2
"Tremie12","sampled_plants_120612",12,13,12,NA,NA,NA,13.5,14.8,56.3
"Tremie12","sampled_plants_120612",12,13,13,NA,NA,NA,14,20.7,77.5
"Tremie12","sampled_plants_120612",13,13,8,NA,NA,NA,8.5,0,8.5
"Tremie12","sampled_plants_120612",13,13,9,NA,NA,NA,8.9,1.5,10.4
"Tremie12","sampled_plants_120612",13,13,10,NA,NA,NA,11.1,5.7,18.3
"Tremie12","sampled_plants_120612",13,13,11,NA,NA,NA,12.2,11.4,30.8
"Tremie12","sampled_plants_120612",13,13,12,NA,NA,NA,13.5,13.9,46
"Tremie12","sampled_plants_120612",13,13,13,NA,NA,NA,14.5,20,67
"Tremie12","sampled_plants_120612",14,13,8,NA,NA,NA,8.3,1,9.3
"Tremie12","sampled_plants_120612",14,13,9,NA,NA,NA,11.5,2,14.5
"Tremie12","sampled_plants_120612",14,13,10,NA,NA,NA,11,2.5,16.5
"Tremie12","sampled_plants_120612",14,13,11,NA,NA,NA,13,12.2,30.7
"Tremie12","sampled_plants_120612",14,13,12,NA,NA,NA,13.8,15.5,47
"Tremie12","sampled_plants_120612",14,13,13,NA,NA,NA,15.5,19.3,68
"Tremie12","sampled_plants_120612",15,13,8,NA,NA,NA,9.2,1,10.2
"Tremie12","sampled_plants_120612",15,13,9,NA,NA,NA,12.5,2.2,15.7
"Tremie12","sampled_plants_120612",15,13,10,NA,NA,NA,10.5,3.5,17.2
"Tremie12","sampled_plants_120612",15,13,11,NA,NA,NA,13.2,12,31.9
"Tremie12","sampled_plants_120612",15,13,12,NA,NA,NA,13.8,14.7,47.2
"Tremie12","sampled_plants_120612",15,13,13,NA,NA,NA,14.3,19.5,67.2
"Tremie12","sampled_plants_120612",16,13,8,NA,NA,NA,9.5,1.2,10.7
"Tremie12","sampled_plants_120612",16,13,9,NA,NA,NA,12.5,2.8,16.5
"Tremie12","sampled_plants_120612",16,13,10,NA,NA,NA,10.5,3.2,17.7
"Tremie12","sampled_plants_120612",16,13,11,NA,NA,NA,13.2,10,30.4
"Tremie12","sampled_plants_120612",16,13,12,NA,NA,NA,13.8,15,46
"Tremie12","sampled_plants_120612",16,13,13,NA,NA,NA,14.3,19.5,66
"Tremie12","sampled_plants_120612",17,13,9,NA,NA,NA,10.7,2,12.7
"Tremie12","sampled_plants_120612",17,13,10,NA,NA,NA,11.1,4.3,17.4
"Tremie12","sampled_plants_120612",17,13,11,NA,NA,NA,12,11.1,29.4
"Tremie12","sampled_plants_120612",17,13,12,NA,NA,NA,12.8,15,45.2
"Tremie12","sampled_plants_120612",17,13,13,NA,NA,NA,14.2,20.3,66.9
"Tremie12","sampled_plants_120612",18,13,8,NA,NA,NA,NA,0.9,NA
"Tremie12","sampled_plants_120612",18,13,9,NA,NA,NA,12.8,2.3,16
"Tremie12","sampled_plants_120612",18,13,10,NA,NA,NA,10.3,3,16.5
"Tremie12","sampled_plants_120612",18,13,11,NA,NA,NA,13,11.7,30.9
"Tremie12","sampled_plants_120612",18,13,12,NA,NA,NA,14.5,14.8,47.2
"Tremie12","sampled_plants_120612",18,13,13,NA,NA,NA,16,19.3,68
"Tremie12","sampled_plants_120612",19,13,9,NA,NA,NA,12.5,2,14.5
"Tremie12","sampled_plants_120612",19,13,10,NA,NA,NA,11,3.5,16.5
"Tremie12","sampled_plants_120612",19,13,11,NA,NA,NA,11.8,11.7,29
"Tremie12","sampled_plants_120612",19,13,12,NA,NA,NA,13,14.8,45
"Tremie12","sampled_plants_120612",19,13,13,NA,NA,NA,15.2,20,67.2
"Tremie12","sampled_plants_120612",20,13,8,NA,NA,NA,NA,0.8,NA
"Tremie12","sampled_plants_120612",20,13,9,NA,NA,NA,12.2,2,15
"Tremie12","sampled_plants_120612",20,13,10,NA,NA,NA,10.5,3.5,16.8
"Tremie12","sampled_plants_120612",20,13,11,NA,NA,NA,12.8,11.7,30.8
"Tremie12","sampled_plants_120612",20,13,12,NA,NA,NA,13,14.8,45.8
"Tremie12","sampled_plants_120612",20,13,13,NA,NA,NA,14.8,20,67.6
"Tremie12","sampled_plants_120612",21,13,8,NA,NA,NA,NA,NA,1.48605674337267
"Tremie12","sampled_plants_120612",21,13,9,NA,NA,NA,10,1.1,11.1
"Tremie12","sampled_plants_120612",21,13,10,NA,NA,NA,11.2,3,15.3
"Tremie12","sampled_plants_120612",21,13,11,NA,NA,NA,12,10.9,27
"Tremie12","sampled_plants_120612",21,13,12,NA,NA,NA,13.7,14,42.7
"Tremie12","sampled_plants_120612",21,13,13,NA,NA,NA,15.7,21,65.7
"Tremie12","sampled_plants_120612",22,13,8,NA,NA,NA,8.5,NA,8.5
"Tremie12","sampled_plants_120612",22,13,9,NA,NA,NA,13,1.8,14.8
"Tremie12","sampled_plants_120612",22,13,10,NA,NA,NA,11.5,3.3,16.6
"Tremie12","sampled_plants_120612",22,13,11,NA,NA,NA,13.7,12.2,31
"Tremie12","sampled_plants_120612",22,13,12,NA,NA,NA,14.7,14.8,46.8
"Tremie12","sampled_plants_120612",22,13,13,NA,NA,NA,17,20.6,69.7
"Tremie12","sampled_plants_120612",23,13,9,NA,NA,NA,12.8,2,14.8
"Tremie12","sampled_plants_120612",23,13,10,NA,NA,NA,11.5,5.8,19.3
"Tremie12","sampled_plants_120612",23,13,11,NA,NA,NA,13.7,12.5,34
"Tremie12","sampled_plants_120612",23,13,12,NA,NA,NA,13.8,15.2,49.3
"Tremie12","sampled_plants_120612",23,13,13,NA,NA,NA,14.7,19.8,70
"Tremie12","sampled_plants_120612",24,12,8,NA,NA,NA,10.8,2,12.8
"Tremie12","sampled_plants_120612",24,12,9,NA,NA,NA,10,2.5,14.5
"Tremie12","sampled_plants_120612",24,12,10,NA,NA,NA,13,11,28.5
"Tremie12","sampled_plants_120612",24,12,11,NA,NA,NA,14.7,14.2,44.4
"Tremie12","sampled_plants_120612",24,12,12,NA,NA,NA,17,20,66.7
"Tremie12","sampled_plants_120612",25,13,9,NA,NA,NA,11.5,2.2,13.7
"Tremie12","sampled_plants_120612",25,13,10,NA,NA,NA,10,3.5,15.7
"Tremie12","sampled_plants_120612",25,13,11,NA,NA,NA,13,10.5,29.2
"Tremie12","sampled_plants_120612",25,13,12,NA,NA,NA,13.8,15.2,45.2
"Tremie12","sampled_plants_120612",25,13,13,NA,NA,NA,16,19.5,66.9
"Tremie12","sampled_plants_120612",26,13,9,NA,NA,NA,10.9,1.8,12.7
"Tremie12","sampled_plants_120612",26,13,10,NA,NA,NA,12.2,5.5,19.5
"Tremie12","sampled_plants_120612",26,13,11,NA,NA,NA,13.3,12,32.6
"Tremie12","sampled_plants_120612",26,13,12,NA,NA,NA,14.6,13.9,47.8
"Tremie12","sampled_plants_120612",26,13,13,NA,NA,NA,15.7,20,68.9
"Tremie12","sampled_plants_120612",27,13,8,NA,NA,NA,9,1,10
"Tremie12","sampled_plants_120612",27,13,9,NA,NA,NA,11.3,2,14.3
"Tremie12","sampled_plants_120612",27,13,10,NA,NA,NA,11.9,6.2,21.1
"Tremie12","sampled_plants_120612",27,13,11,NA,NA,NA,13.7,11.1,34
"Tremie12","sampled_plants_120612",27,13,12,NA,NA,NA,14.7,13.8,48.8
"Tremie12","sampled_plants_120612",27,13,13,NA,NA,NA,16.3,19.8,70.2
"Tremie12","sampled_plants_120612",28,12,8,NA,NA,NA,11,1.6,12.6
"Tremie12","sampled_plants_120612",28,12,9,NA,NA,NA,11.8,3,16.4
"Tremie12","sampled_plants_120612",28,12,10,NA,NA,NA,13.8,10,28.4
"Tremie12","sampled_plants_120612",28,12,11,NA,NA,NA,14.7,15.8,45.1
"Tremie12","sampled_plants_120612",28,12,12,NA,NA,NA,15.3,19.2,64.9
"Tremie12","sampled_plants_120612",29,13,8,NA,NA,NA,NA,1,5.44590391726598
"Tremie12","sampled_plants_120612",29,13,9,NA,NA,NA,12.8,2.2,16
"Tremie12","sampled_plants_120612",29,13,10,NA,NA,NA,10,3.5,16.7
"Tremie12","sampled_plants_120612",29,13,11,NA,NA,NA,13.3,12.2,32.2
"Tremie12","sampled_plants_120612",29,13,12,NA,NA,NA,14.4,15.2,48.5
"Tremie12","sampled_plants_120612",29,13,13,NA,NA,NA,15.5,19.8,69.4
"Tremie12","sampled_plants_120612",30,13,8,NA,NA,NA,NA,0.6,NA
"Tremie12","sampled_plants_120612",30,13,9,NA,NA,NA,NA,2,11.9569411239991
"Tremie12","sampled_plants_120612",30,13,10,NA,NA,NA,NA,3.3,15.8339963136317
"Tremie12","sampled_plants_120612",30,13,11,NA,NA,NA,NA,9.8,30.3810236905636
"Tremie12","sampled_plants_120612",30,13,12,NA,NA,NA,NA,14,45.0782675796555
"Tremie12","sampled_plants_120612",30,13,13,NA,NA,NA,NA,20,67.8
"Tremie13","sampled_plants_030513",1,NA,6,NA,NA,NA,NA,NA,6.4
"Tremie13","sampled_plants_030513",1,NA,7,NA,NA,NA,NA,NA,13
"Tremie13","sampled_plants_030513",1,NA,8,NA,NA,21.34398957,NA,NA,21.3
"Tremie13","sampled_plants_030513",1,NA,9,NA,NA,23.37124358,NA,NA,NA
"Tremie13","sampled_plants_030513",2,NA,6,NA,NA,NA,NA,NA,6.5
"Tremie13","sampled_plants_030513",2,NA,7,NA,NA,NA,NA,NA,11.9
"Tremie13","sampled_plants_030513",2,NA,8,NA,NA,20.02447608,NA,NA,20.7
"Tremie13","sampled_plants_030513",2,NA,9,NA,NA,23.25495349,NA,NA,NA
"Tremie13","sampled_plants_030513",3,NA,6,NA,NA,NA,NA,NA,5.8
"Tremie13","sampled_plants_030513",3,NA,7,NA,NA,NA,NA,NA,11.2
"Tremie13","sampled_plants_030513",3,NA,8,NA,NA,18.73673672,NA,NA,19.4
"Tremie13","sampled_plants_030513",3,NA,9,NA,NA,23.70850097,NA,NA,NA
"Tremie13","sampled_plants_030513",4,NA,6,NA,NA,NA,NA,NA,3.5
"Tremie13","sampled_plants_030513",4,NA,7,NA,NA,NA,NA,NA,7.8
"Tremie13","sampled_plants_030513",4,NA,8,NA,NA,NA,NA,NA,14.3
"Tremie13","sampled_plants_030513",4,NA,9,NA,NA,23.32011465,NA,NA,NA
"Tremie13","sampled_plants_030513",4,NA,10,NA,NA,24.20382256,NA,NA,NA
"Tremie13","sampled_plants_030513",5,NA,6,NA,NA,NA,NA,NA,6.7
"Tremie13","sampled_plants_030513",5,NA,7,NA,NA,NA,NA,NA,13
"Tremie13","sampled_plants_030513",5,NA,8,NA,NA,NA,NA,NA,20.1
"Tremie13","sampled_plants_030513",5,NA,9,NA,NA,24.26591921,NA,NA,NA
"Tremie13","sampled_plants_030513",6,NA,6,NA,NA,NA,NA,NA,5.3
"Tremie13","sampled_plants_030513",6,NA,7,NA,NA,NA,NA,NA,10.2
"Tremie13","sampled_plants_030513",6,NA,8,NA,NA,NA,NA,NA,17.5
"Tremie13","sampled_plants_030513",6,NA,9,NA,NA,21.9467303,NA,NA,NA
"Tremie13","sampled_plants_030513",7,NA,6,NA,NA,NA,NA,NA,4
"Tremie13","sampled_plants_030513",7,NA,7,NA,NA,NA,NA,NA,9
"Tremie13","sampled_plants_030513",7,NA,8,NA,NA,NA,NA,NA,15
"Tremie13","sampled_plants_030513",7,NA,9,NA,NA,20.56012017,NA,NA,NA
"Tremie13","sampled_plants_030513",8,NA,6,NA,NA,NA,NA,NA,6.7
"Tremie13","sampled_plants_030513",8,NA,7,NA,NA,NA,NA,NA,13.2
"Tremie13","sampled_plants_030513",8,NA,8,NA,NA,17.6999646,NA,NA,20.719
"Tremie13","sampled_plants_030513",8,NA,9,NA,NA,20.37673344,NA,NA,NA
"Tremie13","sampled_plants_030513",9,NA,6,NA,NA,NA,NA,NA,5
"Tremie13","sampled_plants_030513",9,NA,7,NA,NA,NA,NA,NA,10.7
"Tremie13","sampled_plants_030513",9,NA,8,NA,NA,NA,NA,NA,19
"Tremie13","sampled_plants_030513",9,NA,9,NA,NA,18.93834922,NA,NA,NA
"Tremie13","sampled_plants_030513",10,NA,6,NA,NA,NA,NA,NA,5.8
"Tremie13","sampled_plants_030513",10,NA,7,NA,NA,NA,NA,NA,9.5
"Tremie13","sampled_plants_030513",10,NA,8,NA,NA,11.89449234,NA,NA,17.5
"Tremie13","sampled_plants_030513",10,NA,9,NA,NA,15.13287296,NA,NA,NA
"Tremie13","sampled_plants_030513",11,NA,6,NA,NA,NA,NA,NA,4.1
"Tremie13","sampled_plants_030513",11,NA,7,NA,NA,NA,NA,NA,7.7
"Tremie13","sampled_plants_030513",11,NA,8,NA,NA,12.0854597,NA,NA,14.8
"Tremie13","sampled_plants_030513",11,NA,9,NA,NA,18.6499627,NA,NA,NA
"Tremie13","sampled_plants_030513",11,NA,10,NA,NA,20.05512118,NA,NA,NA
"Tremie13","sampled_plants_030513",12,NA,6,NA,NA,NA,NA,NA,6.6
"Tremie13","sampled_plants_030513",12,NA,7,NA,NA,NA,NA,NA,13
"Tremie13","sampled_plants_030513",12,NA,8,NA,NA,16.99077247,NA,NA,19.6
"Tremie13","sampled_plants_030513",12,NA,9,NA,NA,19.88689571,NA,NA,NA
"Tremie13","sampled_plants_030513",13,NA,6,NA,NA,NA,NA,NA,5.2
"Tremie13","sampled_plants_030513",13,NA,7,NA,NA,NA,NA,NA,9.4
"Tremie13","sampled_plants_030513",13,NA,8,NA,NA,13.96464949,NA,NA,16.2
"Tremie13","sampled_plants_030513",13,NA,9,NA,NA,15.677388,NA,NA,NA
"Tremie13","sampled_plants_030513",14,NA,6,NA,NA,NA,NA,NA,5.9
"Tremie13","sampled_plants_030513",14,NA,7,NA,NA,NA,NA,NA,10.9
"Tremie13","sampled_plants_030513",14,NA,8,NA,NA,NA,NA,NA,18
"Tremie13","sampled_plants_030513",14,NA,9,NA,NA,18.58447896,NA,NA,NA
"Tremie13","sampled_plants_030513",15,NA,6,NA,NA,NA,NA,NA,6.9
"Tremie13","sampled_plants_030513",15,NA,7,NA,NA,NA,NA,NA,14.4
"Tremie13","sampled_plants_030513",15,NA,8,NA,NA,18.39222128,NA,NA,24
"Tremie13","sampled_plants_030513",15,NA,9,NA,NA,18.999962,NA,NA,NA
"Tremie13","sampled_plants_030513",16,NA,6,NA,NA,NA,NA,NA,6.4
"Tremie13","sampled_plants_030513",16,NA,7,NA,NA,NA,NA,NA,12.2
"Tremie13","sampled_plants_030513",16,NA,8,NA,NA,18.02351234,NA,NA,17
"Tremie13","sampled_plants_030513",16,NA,9,NA,NA,26.72317236,NA,NA,NA
"Tremie13","sampled_plants_030513",17,NA,6,NA,NA,NA,NA,NA,5
"Tremie13","sampled_plants_030513",17,NA,7,NA,NA,NA,NA,NA,8.3
"Tremie13","sampled_plants_030513",17,NA,8,NA,NA,16.44399937,NA,NA,15.7
"Tremie13","sampled_plants_030513",17,NA,9,NA,NA,25.06236923,NA,NA,NA
"Tremie13","sampled_plants_030513",18,NA,6,NA,NA,NA,NA,NA,7.5
"Tremie13","sampled_plants_030513",18,NA,7,NA,NA,NA,NA,NA,13.5
"Tremie13","sampled_plants_030513",18,NA,8,NA,NA,21.39979591,NA,NA,20.6
"Tremie13","sampled_plants_030513",18,NA,9,NA,NA,26.98930086,NA,NA,NA
"Tremie13","sampled_plants_030513",19,NA,6,NA,NA,NA,NA,NA,6.3
"Tremie13","sampled_plants_030513",19,NA,7,NA,NA,11.09739716,NA,NA,10
"Tremie13","sampled_plants_030513",19,NA,8,NA,NA,21.83076279,NA,NA,16.2
"Tremie13","sampled_plants_030513",19,NA,9,NA,NA,29.43461855,NA,NA,NA
"Tremie13","sampled_plants_030513",20,NA,7,NA,NA,NA,NA,NA,8
"Tremie13","sampled_plants_030513",20,NA,8,NA,NA,14.25255214,NA,NA,15.3
"Tremie13","sampled_plants_030513",20,NA,9,NA,NA,24.05140351,NA,NA,NA
"Tremie13","sampled_plants_030513",20,NA,10,NA,NA,25.35865896,NA,NA,NA
"Tremie13","sampled_plants_030513",21,NA,6,NA,NA,NA,NA,NA,6.4
"Tremie13","sampled_plants_030513",21,NA,7,NA,NA,NA,NA,NA,12.4
"Tremie13","sampled_plants_030513",21,NA,8,NA,NA,19.98657293,NA,NA,19.4
"Tremie13","sampled_plants_030513",21,NA,9,NA,NA,24.71349896,NA,NA,NA
"Tremie13","sampled_plants_030513",22,NA,6,NA,NA,NA,NA,NA,5.8
"Tremie13","sampled_plants_030513",22,NA,7,NA,NA,NA,NA,NA,11.7
"Tremie13","sampled_plants_030513",22,NA,8,NA,NA,19.20754223,NA,NA,19.4
"Tremie13","sampled_plants_030513",22,NA,9,NA,NA,22.31834246,NA,NA,NA
"Tremie13","sampled_plants_030513",23,NA,6,NA,NA,NA,NA,NA,4.2
"Tremie13","sampled_plants_030513",23,NA,7,NA,NA,NA,NA,NA,9.7
"Tremie13","sampled_plants_030513",23,NA,8,NA,NA,17.03754657,NA,NA,16.4
"Tremie13","sampled_plants_030513",23,NA,9,NA,NA,22.36753591,NA,NA,NA
"Tremie13","sampled_plants_030513",24,NA,6,NA,NA,NA,NA,NA,4.5
"Tremie13","sampled_plants_030513",24,NA,7,NA,NA,NA,NA,NA,9.1
"Tremie13","sampled_plants_030513",24,NA,8,NA,NA,NA,NA,NA,14.4
"Tremie13","sampled_plants_030513",24,NA,9,NA,NA,22.63721279,NA,NA,NA
"Tremie13","sampled_plants_030513",25,NA,6,NA,NA,NA,NA,NA,4.7
"Tremie13","sampled_plants_030513",25,NA,7,NA,NA,NA,NA,NA,7.6
"Tremie13","sampled_plants_030513",25,NA,8,NA,NA,NA,NA,NA,14.1
"Tremie13","sampled_plants_030513",25,NA,9,NA,NA,22.24172971,NA,NA,NA
"Tremie13","sampled_plants_030513",25,NA,10,NA,NA,24.72527313,NA,NA,NA
"Tremie13","sampled_plants_030513",26,NA,6,NA,NA,NA,NA,NA,4.7
"Tremie13","sampled_plants_030513",26,NA,7,NA,NA,NA,NA,NA,8.4
"Tremie13","sampled_plants_030513",26,NA,8,NA,NA,NA,NA,NA,13.3
"Tremie13","sampled_plants_030513",26,NA,9,NA,NA,21.7193114,NA,NA,NA
"Tremie13","sampled_plants_030513",26,NA,10,NA,NA,22.18802014,NA,NA,NA
"Tremie13","sampled_plants_030513",27,NA,6,NA,NA,NA,NA,NA,2.7
"Tremie13","sampled_plants_030513",27,NA,7,NA,NA,NA,NA,NA,7.1
"Tremie13","sampled_plants_030513",27,NA,8,NA,NA,14.67690613,NA,NA,14.6
"Tremie13","sampled_plants_030513",27,NA,9,NA,NA,24.53430577,NA,NA,NA
"Tremie13","sampled_plants_030513",28,NA,6,NA,NA,NA,NA,NA,5.1
"Tremie13","sampled_plants_030513",28,NA,7,NA,NA,NA,NA,NA,7.7
"Tremie13","sampled_plants_030513",28,NA,8,NA,NA,NA,NA,NA,14.4
"Tremie13","sampled_plants_030513",28,NA,9,NA,NA,21.72995654,NA,NA,NA
"Tremie13","sampled_plants_030513",28,NA,10,NA,NA,26.22865722,NA,NA,NA
"Tremie13","sampled_plants_030513",29,NA,6,NA,NA,NA,NA,NA,5.6
"Tremie13","sampled_plants_030513",29,NA,7,NA,NA,NA,NA,NA,10.7
"Tremie13","sampled_plants_030513",29,NA,8,NA,NA,NA,NA,NA,17.8
"Tremie13","sampled_plants_030513",29,NA,9,NA,NA,23.96350046,NA,NA,NA
"Tremie13","sampled_plants_030513",30,NA,6,NA,NA,NA,NA,NA,4.6
"Tremie13","sampled_plants_030513",30,NA,7,NA,NA,NA,NA,NA,7.8
"Tremie13","sampled_plants_030513",30,NA,8,NA,NA,NA,NA,NA,13.4
"Tremie13","sampled_plants_030513",30,NA,9,NA,NA,16.9015791,NA,NA,NA
"Tremie13","sampled_plants_030513",30,NA,10,NA,NA,20.33883029,NA,NA,NA
"Tremie13","sampled_plants_030513",31,NA,6,NA,NA,NA,NA,NA,4.6
"Tremie13","sampled_plants_030513",31,NA,7,NA,NA,NA,NA,NA,9.9
"Tremie13","sampled_plants_030513",31,NA,8,NA,NA,17.30512668,NA,NA,17.5
"Tremie13","sampled_plants_030513",31,NA,9,NA,NA,24.30866106,NA,NA,NA
"Tremie13","sampled_plants_030513",32,NA,6,NA,NA,NA,NA,NA,4.7
"Tremie13","sampled_plants_030513",32,NA,7,NA,NA,NA,NA,NA,9.6
"Tremie13","sampled_plants_030513",32,NA,8,NA,NA,13.32723141,NA,NA,15.3
"Tremie13","sampled_plants_030513",32,NA,9,NA,NA,17.15141731,NA,NA,NA
"Tremie13","sampled_plants_030513",33,NA,6,NA,NA,NA,NA,NA,5
"Tremie13","sampled_plants_030513",33,NA,7,NA,NA,NA,NA,NA,9
"Tremie13","sampled_plants_030513",33,NA,8,NA,NA,13.88190772,NA,NA,14.8
"Tremie13","sampled_plants_030513",33,NA,9,NA,NA,19.09786503,NA,NA,NA
"Tremie13","sampled_plants_030513",33,NA,10,NA,NA,19.2499615,NA,NA,NA
"Tremie13","sampled_plants_030513",34,NA,6,NA,NA,NA,NA,NA,7
"Tremie13","sampled_plants_030513",34,NA,7,NA,NA,10.28772136,NA,NA,13.6
"Tremie13","sampled_plants_030513",34,NA,8,NA,NA,13.74077897,NA,NA,21.4
"Tremie13","sampled_plants_030513",34,NA,9,NA,NA,16.1919031,NA,NA,NA
"Tremie13","sampled_plants_030513",35,NA,6,NA,NA,NA,NA,NA,6.4
"Tremie13","sampled_plants_030513",35,NA,7,NA,NA,13.89110125,NA,NA,13.2
"Tremie13","sampled_plants_030513",35,NA,8,NA,NA,24.23785475,NA,NA,22.4
"Tremie13","sampled_plants_030513",35,NA,9,NA,NA,29.85235965,NA,NA,NA
"Tremie13","sampled_plants_030513",36,NA,6,NA,NA,NA,NA,NA,6.5
"Tremie13","sampled_plants_030513",36,NA,7,NA,NA,NA,NA,NA,12.2
"Tremie13","sampled_plants_030513",36,NA,8,NA,NA,24.11995176,NA,NA,20
"Tremie13","sampled_plants_030513",36,NA,9,NA,NA,29.20945771,NA,NA,NA
"Tremie13","sampled_plants_030513",37,NA,6,NA,NA,NA,NA,NA,6.4
"Tremie13","sampled_plants_030513",37,NA,7,NA,NA,14.19368129,NA,NA,12.9
"Tremie13","sampled_plants_030513",37,NA,8,NA,NA,21.38963464,NA,NA,21.5
"Tremie13","sampled_plants_030513",37,NA,9,NA,NA,28.96574852,NA,NA,NA
"Tremie13","sampled_plants_030513",38,NA,6,NA,NA,NA,NA,NA,7.1
"Tremie13","sampled_plants_030513",38,NA,7,NA,NA,14.95384106,NA,NA,14.2
"Tremie13","sampled_plants_030513",38,NA,8,NA,NA,24.03882289,NA,NA,21.2
"Tremie13","sampled_plants_030513",38,NA,9,NA,NA,31.61977547,NA,NA,NA
"Tremie13","sampled_plants_030513",39,NA,6,NA,NA,NA,NA,NA,5
"Tremie13","sampled_plants_030513",39,NA,7,NA,NA,NA,NA,NA,10.1
"Tremie13","sampled_plants_030513",39,NA,8,NA,NA,18.86076873,NA,NA,18.3
"Tremie13","sampled_plants_030513",39,NA,9,NA,NA,24.81527295,NA,NA,NA
"Tremie13","sampled_plants_030513",40,NA,6,NA,NA,NA,NA,NA,7.8
"Tremie13","sampled_plants_030513",40,NA,7,NA,NA,15.774162,NA,NA,14.2
"Tremie13","sampled_plants_030513",40,NA,8,NA,NA,26.14139933,NA,NA,23.4
"Tremie13","sampled_plants_030513",40,NA,9,NA,NA,30.15332679,NA,NA,NA
"Tremie13","sampled_plants_030513",41,NA,6,NA,NA,NA,NA,NA,7
"Tremie13","sampled_plants_030513",41,NA,7,NA,NA,NA,NA,NA,14.4
"Tremie13","sampled_plants_030513",41,NA,8,NA,NA,22.9805992,NA,NA,22.5
"Tremie13","sampled_plants_030513",41,NA,9,NA,NA,27.89687969,NA,NA,NA
"Tremie13","sampled_plants_030513",42,NA,6,NA,NA,NA,NA,NA,7.5
"Tremie13","sampled_plants_030513",42,NA,7,NA,NA,NA,NA,NA,14.4
"Tremie13","sampled_plants_030513",42,NA,8,NA,NA,24.55898314,NA,NA,22.5
"Tremie13","sampled_plants_030513",42,NA,9,NA,NA,28.72397481,NA,NA,NA
"Tremie13","sampled_plants_030513",43,NA,6,NA,NA,NA,NA,NA,4.6
"Tremie13","sampled_plants_030513",43,NA,7,NA,NA,NA,NA,NA,9.9
"Tremie13","sampled_plants_030513",43,NA,8,NA,NA,19.34689679,NA,NA,16.4
"Tremie13","sampled_plants_030513",43,NA,9,NA,NA,22.71269651,NA,NA,NA
"Tremie13","sampled_plants_030513",44,NA,6,NA,NA,NA,NA,NA,5.1
"Tremie13","sampled_plants_030513",44,NA,7,NA,NA,NA,NA,NA,10.1
"Tremie13","sampled_plants_030513",44,NA,8,NA,NA,18.77609148,NA,NA,15.5
"Tremie13","sampled_plants_030513",44,NA,9,NA,NA,24.11688725,NA,NA,NA
"Tremie13","sampled_plants_030513",45,NA,7,NA,NA,NA,NA,NA,7.9
"Tremie13","sampled_plants_030513",45,NA,8,NA,NA,20.47560421,NA,NA,16.5
"Tremie13","sampled_plants_030513",45,NA,9,NA,NA,32.91235353,NA,NA,NA
"Tremie13","sampled_plants_220413",1,NA,6,NA,NA,NA,NA,NA,5
"Tremie13","sampled_plants_220413",1,NA,7,NA,NA,NA,NA,NA,10
"Tremie13","sampled_plants_220413",1,NA,8,NA,NA,19.4257676,NA,NA,NA
"Tremie13","sampled_plants_220413",1,NA,9,NA,NA,24.95946621,NA,NA,NA
"Tremie13","sampled_plants_220413",2,NA,5,NA,NA,NA,NA,NA,3.7
"Tremie13","sampled_plants_220413",2,NA,6,NA,NA,NA,NA,NA,6.2
"Tremie13","sampled_plants_220413",2,NA,7,NA,NA,NA,NA,NA,12.5
"Tremie13","sampled_plants_220413",3,NA,5,NA,NA,NA,NA,NA,4
"Tremie13","sampled_plants_220413",3,NA,6,NA,NA,NA,NA,NA,6.5
"Tremie13","sampled_plants_220413",3,NA,7,NA,NA,NA,NA,NA,13
"Tremie13","sampled_plants_220413",3,NA,8,NA,NA,19.7596379,NA,NA,NA
"Tremie13","sampled_plants_220413",4,NA,5,NA,NA,NA,NA,NA,3.8
"Tremie13","sampled_plants_220413",4,NA,6,NA,NA,NA,NA,NA,6.6
"Tremie13","sampled_plants_220413",4,NA,7,NA,NA,14.83561549,NA,NA,12.8
"Tremie13","sampled_plants_220413",4,NA,8,NA,NA,23.98930686,NA,NA,NA
"Tremie13","sampled_plants_220413",5,NA,6,NA,NA,NA,NA,NA,5.3
"Tremie13","sampled_plants_220413",5,NA,7,NA,NA,NA,NA,NA,10.3
"Tremie13","sampled_plants_220413",5,NA,8,NA,NA,18.88722029,NA,NA,NA
"Tremie13","sampled_plants_220413",6,NA,6,NA,NA,NA,NA,NA,4.2
"Tremie13","sampled_plants_220413",6,NA,7,NA,NA,NA,NA,NA,8.5
"Tremie13","sampled_plants_220413",6,NA,8,NA,NA,17.32012665,NA,NA,NA
"Tremie13","sampled_plants_220413",7,NA,6,NA,NA,NA,NA,NA,5.5
"Tremie13","sampled_plants_220413",7,NA,7,NA,NA,12.5499749,NA,NA,11.3
"Tremie13","sampled_plants_220413",7,NA,8,NA,NA,17.31673956,NA,NA,NA
"Tremie13","sampled_plants_220413",8,NA,6,NA,NA,8.85853067,NA,NA,8
"Tremie13","sampled_plants_220413",8,NA,7,NA,NA,14.74077697,NA,NA,15.5
"Tremie13","sampled_plants_220413",8,NA,8,NA,NA,23.44253376,NA,NA,NA
"Tremie13","sampled_plants_220413",9,NA,6,NA,NA,NA,NA,NA,6.3
"Tremie13","sampled_plants_220413",9,NA,7,NA,NA,12.71513586,NA,NA,13.1
"Tremie13","sampled_plants_220413",9,NA,8,NA,NA,19.26431631,NA,NA,NA
"Tremie13","sampled_plants_220413",10,NA,6,NA,NA,NA,NA,NA,6.6
"Tremie13","sampled_plants_220413",10,NA,7,NA,NA,15.06013117,NA,NA,14.4
"Tremie13","sampled_plants_220413",10,NA,8,NA,NA,23.23979223,NA,NA,NA
"Tremie13","sampled_plants_220413",11,NA,6,NA,NA,NA,NA,NA,5.8
"Tremie13","sampled_plants_220413",11,NA,7,NA,NA,NA,NA,NA,11
"Tremie13","sampled_plants_220413",11,NA,8,NA,NA,21.10205457,NA,NA,NA
"Tremie13","sampled_plants_220413",12,NA,6,NA,NA,NA,NA,NA,3.2
"Tremie13","sampled_plants_220413",12,NA,7,NA,NA,NA,NA,NA,9.8
"Tremie13","sampled_plants_220413",12,NA,8,NA,NA,20.29012071,NA,NA,NA
"Tremie13","sampled_plants_220413",13,NA,6,NA,NA,NA,NA,NA,5.9
"Tremie13","sampled_plants_220413",13,NA,7,NA,NA,14.25368117,NA,NA,11.7
"Tremie13","sampled_plants_220413",13,NA,8,NA,NA,21.02302247,NA,NA,NA
"Tremie13","sampled_plants_220413",14,NA,6,NA,NA,8.08611286,NA,NA,7.3
"Tremie13","sampled_plants_220413",14,NA,7,NA,NA,15.27190494,NA,NA,13.3
"Tremie13","sampled_plants_220413",15,NA,6,NA,NA,NA,NA,NA,4.2
"Tremie13","sampled_plants_220413",15,NA,7,NA,NA,NA,NA,NA,8.7
"Tremie13","sampled_plants_220413",15,NA,8,NA,NA,19.89205699,NA,NA,NA
"Tremie13","sampled_plants_220413",16,NA,6,NA,NA,NA,NA,NA,7.7
"Tremie13","sampled_plants_220413",16,NA,7,NA,NA,20.18463705,NA,NA,13.3
"Tremie13","sampled_plants_220413",16,NA,8,NA,NA,29.2515544,NA,NA,NA
"Tremie13","sampled_plants_220413",17,NA,6,NA,NA,NA,NA,NA,5.6
"Tremie13","sampled_plants_220413",17,NA,7,NA,NA,14.09787503,NA,NA,12.4
"Tremie13","sampled_plants_220413",17,NA,8,NA,NA,22.08608486,NA,NA,NA
"Tremie13","sampled_plants_220413",18,NA,6,NA,NA,NA,NA,NA,6.8
"Tremie13","sampled_plants_220413",18,NA,7,NA,NA,16.9822241,NA,NA,12.5
"Tremie13","sampled_plants_220413",18,NA,8,NA,NA,22.65834178,NA,NA,NA
"Tremie13","sampled_plants_220413",19,NA,6,NA,NA,NA,NA,NA,5.5
"Tremie13","sampled_plants_220413",19,NA,7,NA,NA,13.65465011,NA,NA,10.7
"Tremie13","sampled_plants_220413",19,NA,8,NA,NA,21.27173165,NA,NA,NA
"Tremie13","sampled_plants_220413",20,NA,6,NA,NA,NA,NA,NA,5.8
"Tremie13","sampled_plants_220413",20,NA,7,NA,NA,NA,NA,NA,10.8
"Tremie13","sampled_plants_220413",20,NA,8,NA,NA,20.06737922,NA,NA,NA
"Tremie13","sampled_plants_220413",21,NA,6,NA,NA,NA,NA,NA,7.3
"Tremie13","sampled_plants_220413",21,NA,7,NA,NA,17.60593253,NA,NA,14.6
"Tremie13","sampled_plants_220413",21,NA,8,NA,NA,25.13978843,NA,NA,NA
"Tremie13","sampled_plants_220413",22,NA,6,NA,NA,NA,NA,NA,4
"Tremie13","sampled_plants_220413",22,NA,7,NA,NA,10.30094714,NA,NA,8.6
"Tremie13","sampled_plants_220413",22,NA,8,NA,NA,16.53851531,NA,NA,NA
"Tremie13","sampled_plants_220413",23,NA,6,NA,NA,NA,NA,NA,5
"Tremie13","sampled_plants_220413",23,NA,7,NA,NA,12.55900714,NA,NA,9.9
"Tremie13","sampled_plants_220413",23,NA,8,NA,NA,21.76156938,NA,NA,NA
"Tremie13","sampled_plants_220413",24,NA,6,NA,NA,NA,NA,NA,5.1
"Tremie13","sampled_plants_220413",24,NA,7,NA,NA,10.93433297,NA,NA,10.1
"Tremie13","sampled_plants_220413",24,NA,8,NA,NA,19.54205769,NA,NA,NA
"Tremie13","sampled_plants_220413",25,NA,6,NA,NA,NA,NA,NA,7.5
"Tremie13","sampled_plants_220413",25,NA,7,NA,NA,15.13932456,NA,NA,14.2
"Tremie13","sampled_plants_220413",26,NA,5,NA,NA,NA,NA,NA,4.7
"Tremie13","sampled_plants_220413",26,NA,6,NA,NA,NA,NA,NA,7.7
"Tremie13","sampled_plants_220413",26,NA,7,NA,NA,18.09931864,NA,NA,14.7
"Tremie13","sampled_plants_220413",26,NA,8,NA,NA,25.60107783,NA,NA,NA
"Tremie13","sampled_plants_220413",27,NA,6,NA,NA,NA,NA,NA,4.5
"Tremie13","sampled_plants_220413",27,NA,7,NA,NA,9.36707804,NA,NA,8.7
"Tremie13","sampled_plants_220413",27,NA,8,NA,NA,16.38432207,NA,NA,NA
"Tremie13","sampled_plants_220413",28,NA,6,NA,NA,NA,NA,NA,5.5
"Tremie13","sampled_plants_220413",28,NA,7,NA,NA,13.84964972,NA,NA,11.2
"Tremie13","sampled_plants_220413",28,NA,8,NA,NA,20.53528151,NA,NA,NA
"Tremie13","sampled_plants_220413",29,NA,6,NA,NA,NA,NA,NA,6.7
"Tremie13","sampled_plants_220413",29,NA,7,NA,NA,NA,NA,NA,13.5
"Tremie13","sampled_plants_220413",30,NA,6,NA,NA,NA,NA,NA,5.4
"Tremie13","sampled_plants_220413",30,NA,7,NA,NA,NA,NA,NA,11.6
"Tremie13","sampled_plants_220413",31,NA,6,NA,NA,NA,NA,NA,5.9
"Tremie13","sampled_plants_220413",31,NA,7,NA,NA,14.46351946,NA,NA,12.6
"Tremie13","sampled_plants_220413",31,NA,8,NA,NA,22.92076061,NA,NA,NA
"Tremie13","sampled_plants_220413",32,NA,6,NA,NA,NA,NA,NA,4.7
"Tremie13","sampled_plants_220413",32,NA,7,NA,NA,10.15514098,NA,NA,8.8
"Tremie13","sampled_plants_220413",32,NA,8,NA,NA,16.83174053,NA,NA,NA
"Tremie13","sampled_plants_220413",33,NA,6,NA,NA,NA,NA,NA,6.2
"Tremie13","sampled_plants_220413",33,NA,7,NA,NA,NA,NA,NA,11.6
"Tremie13","sampled_plants_220413",33,NA,8,NA,NA,25.42349754,NA,NA,NA
"Tremie13","sampled_plants_220413",34,NA,6,NA,NA,NA,NA,NA,4.5
"Tremie13","sampled_plants_220413",34,NA,7,NA,NA,NA,NA,NA,8.8
"Tremie13","sampled_plants_220413",34,NA,8,NA,NA,17.98077049,NA,NA,NA
"Tremie13","sampled_plants_220413",35,NA,6,NA,NA,NA,NA,NA,5.5
"Tremie13","sampled_plants_220413",35,NA,7,NA,NA,NA,NA,NA,10
"Tremie13","sampled_plants_220413",35,NA,8,NA,NA,21.08366751,NA,NA,NA
"Tremie13","sampled_plants_220413",36,NA,6,NA,NA,NA,NA,NA,5.4
"Tremie13","sampled_plants_220413",36,NA,7,NA,NA,10.17546352,NA,NA,10.7
"Tremie13","sampled_plants_220413",36,NA,8,NA,NA,17.48754567,NA,NA,NA
"Tremie13","sampled_plants_220413",37,NA,6,NA,NA,NA,NA,NA,5.6
"Tremie13","sampled_plants_220413",37,NA,7,NA,NA,12.75336159,NA,NA,11.8
"Tremie13","sampled_plants_220413",37,NA,8,NA,NA,20.73270047,NA,NA,NA
"Tremie13","sampled_plants_220413",38,NA,6,NA,NA,9.54691639,NA,NA,6.8
"Tremie13","sampled_plants_220413",38,NA,7,NA,NA,16.15464511,NA,NA,13.8
"Tremie13","sampled_plants_220413",38,NA,8,NA,NA,21.63334383,NA,NA,NA
"Tremie13","sampled_plants_220413",39,NA,6,NA,NA,NA,NA,NA,5.6
"Tremie13","sampled_plants_220413",39,NA,7,NA,NA,11.7451378,NA,NA,11.6
"Tremie13","sampled_plants_220413",39,NA,8,NA,NA,18.78722049,NA,NA,NA
"Tremie13","sampled_plants_220413",40,NA,5,NA,NA,NA,NA,NA,3.3
"Tremie13","sampled_plants_220413",40,NA,6,NA,NA,8.91417572,NA,NA,6.1
"Tremie13","sampled_plants_220413",40,NA,7,NA,NA,15.00029258,NA,NA,12
"Tremie13","sampled_plants_220413",40,NA,8,NA,NA,22.97269599,NA,NA,NA
"Tremie13","sampled_plants_220413",41,NA,7,NA,NA,9.49885197,NA,NA,8.3
"Tremie13","sampled_plants_220413",41,NA,8,NA,NA,18.14641532,NA,NA,NA
"Tremie13","sampled_plants_220413",42,NA,6,NA,NA,NA,NA,NA,4.6
"Tremie13","sampled_plants_220413",42,NA,7,NA,NA,NA,NA,NA,9
"Tremie13","sampled_plants_220413",42,NA,8,NA,NA,17.28561059,NA,NA,NA
"Tremie13","sampled_plants_220413",42,NA,9,NA,NA,24.68446676,NA,NA,NA
"Tremie13","sampled_plants_220413",43,NA,6,NA,NA,NA,NA,NA,4.2
"Tremie13","sampled_plants_220413",43,NA,7,NA,NA,NA,NA,NA,8
"Tremie13","sampled_plants_220413",43,NA,8,NA,NA,16.02545182,NA,NA,NA
"Tremie13","sampled_plants_220413",44,NA,6,NA,NA,NA,NA,NA,4.8
"Tremie13","sampled_plants_220413",44,NA,7,NA,NA,9.40788441,NA,NA,9.1
"Tremie13","sampled_plants_220413",44,NA,8,NA,NA,17.24867518,NA,NA,NA
"Tremie13","sampled_plants_220413",44,NA,9,NA,NA,23.06253452,NA,NA,NA
"Tremie13","sampled_plants_220413",45,NA,6,NA,NA,NA,NA,NA,5.3
"Tremie13","sampled_plants_220413",45,NA,7,NA,NA,12.80078085,NA,NA,10.7
"Tremie13","sampled_plants_220413",45,NA,8,NA,NA,20.79641002,NA,NA,NA
"Tremie13","sampled_plants_290413",4,NA,4.70302834470698,NA,NA,NA,NA,NA,3.58883412008993
"Tremie13","sampled_plants_290413",4,NA,5.70302834470698,NA,NA,NA,NA,NA,6.94564875016169
"Tremie13","sampled_plants_290413",4,NA,6.70302834470698,NA,NA,NA,NA,NA,12.8088399713331
"Tremie13","sampled_plants_290413",4,NA,7.70302834470698,NA,NA,NA,NA,NA,20.5141821601694
"Tremie13","sampled_plants_290413",5,NA,4.70302834470698,NA,NA,NA,NA,NA,4.41543427761352
"Tremie13","sampled_plants_290413",5,NA,5.70302834470698,NA,NA,NA,NA,NA,6.45264666860086
"Tremie13","sampled_plants_290413",5,NA,6.70302834470698,NA,NA,NA,NA,NA,14.2115152852049
"Tremie13","sampled_plants_290413",5,NA,7.70302834470698,NA,NA,NA,NA,NA,21.3177477815552
"Tremie13","sampled_plants_290413",6,NA,5.70302834470698,NA,NA,NA,NA,NA,6.16730874221837
"Tremie13","sampled_plants_290413",6,NA,6.70302834470698,NA,NA,NA,NA,NA,11.6790747857871
"Tremie13","sampled_plants_290413",6,NA,7.70302834470698,NA,NA,NA,NA,NA,18.6146534296673
"Tremie13","sampled_plants_290413",7,NA,6.70302834470698,NA,NA,NA,NA,NA,7.59346252798188
"Tremie13","sampled_plants_290413",7,NA,7.70302834470698,NA,NA,NA,NA,NA,14.9585775915942
"Tremie13","sampled_plants_290413",8,NA,5.70302834470698,NA,NA,NA,NA,NA,7.41591900650956
"Tremie13","sampled_plants_290413",8,NA,6.70302834470698,NA,NA,NA,NA,NA,14.0162784119975
"Tremie13","sampled_plants_290413",8,NA,7.70302834470698,NA,NA,NA,NA,NA,21.6500977567629
"Tremie13","sampled_plants_290413",9,NA,6.70302834470698,NA,NA,NA,NA,NA,6.68312417712293
"Tremie13","sampled_plants_290413",9,NA,7.70302834470698,NA,NA,NA,NA,NA,12.6408492289498
"Tremie13","sampled_plants_290413",10,NA,6.70302834470698,NA,NA,NA,NA,NA,10.622537621934
"Tremie13","sampled_plants_290413",10,NA,7.70302834470698,NA,NA,NA,NA,NA,16.589830018379
"Tremie13","sampled_plants_290413",11,NA,6.70302834470698,NA,NA,NA,NA,NA,5.89649878320283
"Tremie13","sampled_plants_290413",11,NA,7.70302834470698,NA,NA,NA,NA,NA,12.4271267426927
"Tremie13","sampled_plants_290413",12,NA,6.70302834470698,NA,NA,NA,NA,NA,11.8624384452951
"Tremie13","sampled_plants_290413",12,NA,7.70302834470698,NA,NA,NA,NA,NA,17.9693071105593
"Tremie13","sampled_plants_290413",13,NA,6.70302834470698,NA,NA,NA,NA,NA,6.90287944481786
"Tremie13","sampled_plants_290413",13,NA,7.70302834470698,NA,NA,NA,NA,NA,12.8690504939747
"Tremie13","sampled_plants_290413",14,NA,5.70302834470698,NA,NA,NA,NA,NA,3.82466544234755
"Tremie13","sampled_plants_290413",14,NA,6.70302834470698,NA,NA,NA,NA,NA,8.68148743095557
"Tremie13","sampled_plants_290413",14,NA,7.70302834470698,NA,NA,NA,NA,NA,12.6933492588844
"Tremie13","sampled_plants_290413",15,NA,6.70302834470698,NA,NA,NA,NA,NA,6.48940852644251
"Tremie13","sampled_plants_290413",15,NA,7.70302834470698,NA,NA,NA,NA,NA,13.7506484880468
"Tremie13","sampled_plants_290413",16,NA,5.70302834470698,NA,NA,NA,NA,NA,6.24291570147452
"Tremie13","sampled_plants_290413",16,NA,6.70302834470698,NA,NA,NA,NA,NA,10.440053214976
"Tremie13","sampled_plants_290413",16,NA,7.70302834470698,NA,NA,NA,NA,NA,18.9465350925462
"Tremie13","sampled_plants_290413",17,NA,5.70302834470698,NA,NA,NA,NA,NA,4.26768903909376
"Tremie13","sampled_plants_290413",17,NA,6.70302834470698,NA,NA,NA,NA,NA,10.0430531342158
"Tremie13","sampled_plants_290413",17,NA,7.70302834470698,NA,NA,NA,NA,NA,17.6465389137972
"Tremie13","sampled_plants_290413",18,NA,5.70302834470698,NA,NA,NA,NA,NA,2.03109997293084
"Tremie13","sampled_plants_290413",18,NA,6.70302834470698,NA,NA,NA,NA,NA,5.39465148438152
"Tremie13","sampled_plants_290413",18,NA,7.70302834470698,NA,NA,NA,NA,NA,11.6719433875688
"Tremie13","sampled_plants_290413",19,NA,5.70302834470698,NA,NA,NA,NA,NA,6.4920144674462
"Tremie13","sampled_plants_290413",19,NA,6.70302834470698,NA,NA,NA,NA,NA,7.79165155442799
"Tremie13","sampled_plants_290413",19,NA,7.70302834470698,NA,NA,NA,NA,NA,14.8352467373174
"Tremie13","sampled_plants_290413",20,NA,6.70302834470698,NA,NA,NA,NA,NA,5.92292842445673
"Tremie13","sampled_plants_290413",20,NA,7.70302834470698,NA,NA,NA,NA,NA,13.2619582494781
"Tremie13","sampled_plants_290413",21,NA,5.70302834470698,NA,NA,NA,NA,NA,5.71858864057885
"Tremie13","sampled_plants_290413",21,NA,6.70302834470698,NA,NA,NA,NA,NA,11.2465149670362
"Tremie13","sampled_plants_290413",21,NA,7.70302834470698,NA,NA,NA,NA,NA,19.2589246161701
"Tremie13","sampled_plants_290413",22,NA,6.70302834470698,NA,NA,NA,NA,NA,7.69909174342585
"Tremie13","sampled_plants_290413",22,NA,7.70302834470698,NA,NA,NA,NA,NA,14.0496121416927
"Tremie13","sampled_plants_290413",23,NA,6.70302834470698,NA,NA,NA,NA,NA,5.05683891616151
"Tremie13","sampled_plants_290413",23,NA,7.70302834470698,NA,NA,NA,NA,NA,9.80113399270578
"Tremie13","sampled_plants_290413",24,NA,6.70302834470698,NA,NA,NA,NA,NA,7.80877208942085
"Tremie13","sampled_plants_290413",24,NA,7.70302834470698,NA,NA,NA,NA,NA,13.3971376362465
"Tremie13","sampled_plants_290413",25,NA,5.70302834470698,NA,NA,NA,NA,NA,4.72282397154172
"Tremie13","sampled_plants_290413",25,NA,6.70302834470698,NA,NA,NA,NA,NA,9.60265718899147
"Tremie13","sampled_plants_290413",25,NA,7.70302834470698,NA,NA,NA,NA,NA,15.8844853370355
"Tremie13","sampled_plants_290413",26,NA,6.70302834470698,NA,NA,NA,NA,NA,8.02706483674249
"Tremie13","sampled_plants_290413",26,NA,7.70302834470698,NA,NA,NA,NA,NA,14.0467566027686
"Tremie13","sampled_plants_290413",27,NA,6.70302834470698,NA,NA,NA,NA,NA,6.44779438368798
"Tremie13","sampled_plants_290413",27,NA,7.70302834470698,NA,NA,NA,NA,NA,10.6557775801881
"Tremie13","sampled_plants_290413",28,NA,6.70302834470698,NA,NA,NA,NA,NA,7.02709066389697
"Tremie13","sampled_plants_290413",28,NA,7.70302834470698,NA,NA,NA,NA,NA,14.0517530137427
"Tremie13","sampled_plants_290413",29,NA,6.70302834470698,NA,NA,NA,NA,NA,6.9554959046711
"Tremie13","sampled_plants_290413",29,NA,7.70302834470698,NA,NA,NA,NA,NA,13.8201694439637
"Tremie13","sampled_plants_290413",30,NA,6.70302834470698,NA,NA,NA,NA,NA,6.66361162949419
"Tremie13","sampled_plants_290413",30,NA,7.70302834470698,NA,NA,NA,NA,NA,13.2393919326265
