"label","Source","N","nff","rank","L_blade","W_blade","A_blade","L_sheath","W_sheath","L_internode","H_col"
"Mercia",NA,1,12,1,NA,NA,NA,NA,NA,0,NA
"Mercia",NA,1,12,2,NA,NA,NA,NA,NA,0,NA
"Mercia","tagged_plants",1,12,3,8.4,NA,NA,NA,NA,0,NA
"Mercia",NA,1,12,4,NA,NA,NA,NA,NA,0,NA
"Mercia",NA,1,12,5,NA,NA,NA,NA,NA,0,NA
"Mercia","tagged_plants",1,12,6,7.5,NA,NA,NA,0.347,0,NA
"Mercia","tagged_plants",1,12,7,9,NA,NA,NA,NA,0,NA
"Mercia","tagged_plants",1,12,8,15.8,NA,NA,10.5,NA,0,NA
"Mercia","tagged_plants",1,12,9,22.25,NA,NA,11.7,NA,NA,NA
"Mercia","tagged_plants",1,12,10,26.5,1.4,NA,13.5,NA,NA,NA
"Mercia","tagged_plants",1,12,11,22.8,1.6,NA,14,NA,NA,NA
"Mercia","tagged_plants",1,12,12,16.2,1.1,NA,17,NA,NA,59.5
"Mercia","tagged_plants",2,NA,1,7.7,NA,NA,NA,NA,NA,NA
"Mercia","tagged_plants",2,NA,2,9,NA,NA,NA,NA,NA,NA
"Mercia","tagged_plants",2,NA,3,8.2,NA,NA,NA,NA,NA,NA
"Mercia",NA,3,11,1,NA,NA,NA,NA,NA,0,NA
"Mercia","tagged_plants",3,11,2,10.4,NA,NA,NA,NA,0,NA
"Mercia","tagged_plants",3,11,3,9.3,NA,NA,NA,NA,0,NA
"Mercia",NA,3,11,4,NA,NA,NA,NA,NA,0,NA
"Mercia",NA,3,11,5,NA,NA,NA,NA,NA,0,NA
"Mercia","tagged_plants",3,11,6,8.7,NA,NA,NA,0.359,0,NA
"Mercia","tagged_plants",3,11,7,12,NA,NA,NA,NA,0,NA
"Mercia","tagged_plants",3,11,8,16.5,NA,NA,12.2,NA,0,NA
"Mercia","tagged_plants",3,11,9,23.25,1.4,NA,13.7,NA,NA,NA
"Mercia","tagged_plants",3,11,10,28.35,NA,NA,14.3,NA,NA,NA
"Mercia","tagged_plants",3,11,11,19.2,2.1,NA,19,NA,NA,56.5
"Mercia","tagged_plants",4,NA,2,9.5,NA,NA,NA,NA,NA,NA
"Mercia","tagged_plants",5,11,1,8.7,NA,NA,NA,NA,0,NA
"Mercia","tagged_plants",5,11,2,11.3,NA,NA,NA,NA,0,NA
"Mercia","tagged_plants",5,11,3,10.3,NA,NA,NA,NA,0,NA
"Mercia",NA,5,11,4,NA,NA,NA,NA,NA,0,NA
"Mercia",NA,5,11,5,NA,NA,NA,NA,NA,0,NA
"Mercia","tagged_plants",5,11,6,10,NA,NA,NA,0.381,0,NA
"Mercia","tagged_plants",5,11,7,11.9,NA,NA,NA,NA,0,NA
"Mercia","tagged_plants",5,11,8,16.7,NA,NA,12.8,NA,0,NA
"Mercia","tagged_plants",5,11,9,19.45,1.4,NA,14.5,NA,NA,NA
"Mercia","tagged_plants",5,11,10,28.15,NA,NA,15,NA,NA,NA
"Mercia","tagged_plants",5,11,11,19.2,2.2,NA,18.5,NA,NA,61.5
"Mercia","tagged_plants",6,NA,3,10,NA,NA,NA,NA,NA,NA
"Mercia",NA,7,11,1,NA,NA,NA,NA,NA,0,NA
"Mercia",NA,7,11,2,NA,NA,NA,NA,NA,0,NA
"Mercia",NA,7,11,3,NA,NA,NA,NA,NA,0,NA
"Mercia",NA,7,11,4,NA,NA,NA,NA,NA,0,NA
"Mercia",NA,7,11,5,NA,NA,NA,NA,NA,0,NA
"Mercia","tagged_plants",7,11,6,9,NA,NA,NA,0.364,0,NA
"Mercia","tagged_plants",7,11,7,12.3,NA,NA,NA,NA,0,NA
"Mercia","tagged_plants",7,11,8,19.2,NA,NA,11,NA,0,NA
"Mercia","tagged_plants",7,11,9,26.1,1.5,NA,13.8,NA,NA,NA
"Mercia","tagged_plants",7,11,10,26.6,NA,NA,14.5,NA,NA,NA
"Mercia","tagged_plants",7,11,11,19.8,2,NA,18.5,NA,NA,61.7
"Mercia","tagged_plants",8,12,1,9.5,NA,NA,NA,NA,0,NA
"Mercia","tagged_plants",8,12,2,11.5,NA,NA,NA,NA,0,NA
"Mercia","tagged_plants",8,12,3,10.2,NA,NA,NA,NA,0,NA
"Mercia",NA,8,12,4,NA,NA,NA,NA,NA,0,NA
"Mercia",NA,8,12,5,NA,NA,NA,NA,NA,0,NA
"Mercia","tagged_plants",8,12,6,11,NA,NA,NA,0.435,0,NA
"Mercia","tagged_plants",8,12,7,13.4,NA,NA,NA,NA,0,NA
"Mercia","tagged_plants",8,12,8,17,NA,NA,12.3,NA,0,NA
"Mercia","tagged_plants",8,12,9,21,NA,NA,13.5,NA,NA,NA
"Mercia","tagged_plants",8,12,10,26.2,NA,NA,14,NA,NA,NA
"Mercia","tagged_plants",8,12,11,22.1,1.8,NA,15,NA,NA,NA
"Mercia","tagged_plants",8,12,12,14.9,1.9,NA,18.5,NA,NA,69.5
"Mercia","tagged_plants",9,NA,1,7.5,NA,NA,NA,NA,NA,NA
"Mercia","tagged_plants",9,NA,2,10.5,NA,NA,NA,NA,NA,NA
"Mercia","tagged_plants",10,NA,2,10.5,NA,NA,NA,NA,NA,NA
"Mercia","tagged_plants",10,NA,3,11,NA,NA,NA,NA,NA,NA
"Mercia","tagged_plants",11,12,1,7,NA,NA,NA,NA,0,NA
"Mercia","tagged_plants",11,12,2,9,NA,NA,NA,NA,0,NA
"Mercia","tagged_plants",11,12,3,9,NA,NA,NA,NA,0,NA
"Mercia",NA,11,12,4,NA,NA,NA,NA,NA,0,NA
"Mercia",NA,11,12,5,NA,NA,NA,NA,NA,0,NA
"Mercia","tagged_plants",11,12,6,8.2,NA,NA,NA,0.385,0,NA
"Mercia","tagged_plants",11,12,7,9.2,NA,NA,NA,NA,0,NA
"Mercia","tagged_plants",11,12,8,12,NA,NA,NA,NA,0,NA
"Mercia","tagged_plants",11,12,9,17.8,NA,NA,9.3,NA,0,NA
"Mercia","tagged_plants",11,12,10,21.2,NA,NA,13.2,NA,NA,NA
"Mercia","tagged_plants",11,12,11,22.85,1.7,NA,14,NA,NA,NA
"Mercia",NA,11,12,12,NA,1.7,NA,18,NA,NA,57
"Mercia","tagged_plants",12,12,1,9,NA,NA,NA,NA,0,NA
"Mercia","tagged_plants",12,12,2,12.5,NA,NA,NA,NA,0,NA
"Mercia",NA,12,12,3,NA,NA,NA,NA,NA,0,NA
"Mercia",NA,12,12,4,NA,NA,NA,NA,NA,0,NA
"Mercia",NA,12,12,5,NA,NA,NA,NA,NA,0,NA
"Mercia","tagged_plants",12,12,6,11.4,NA,NA,NA,0.378,0,NA
"Mercia","tagged_plants",12,12,7,12,NA,NA,NA,NA,0,NA
"Mercia","tagged_plants",12,12,8,13.9,NA,NA,10.3,NA,0,NA
"Mercia","tagged_plants",12,12,9,19.45,NA,NA,13,NA,NA,NA
"Mercia","tagged_plants",12,12,10,24,NA,NA,14,NA,NA,NA
"Mercia","tagged_plants",12,12,11,22.1,1.7,NA,13.8,NA,NA,NA
"Mercia","tagged_plants",12,12,12,15.4,1.7,NA,17.5,NA,NA,65.5
"Mercia","tagged_plants",13,11,1,9,NA,NA,NA,NA,0,NA
"Mercia","tagged_plants",13,11,2,11.5,NA,NA,NA,NA,0,NA
"Mercia",NA,13,11,3,NA,NA,NA,NA,NA,0,NA
"Mercia",NA,13,11,4,NA,NA,NA,NA,NA,0,NA
"Mercia",NA,13,11,5,NA,NA,NA,NA,NA,0,NA
"Mercia","tagged_plants",13,11,6,10.5,NA,NA,NA,0.367,0,NA
"Mercia","tagged_plants",13,11,7,13.5,NA,NA,NA,NA,0,NA
"Mercia","tagged_plants",13,11,8,17.5,NA,NA,11.9,NA,0,NA
"Mercia","tagged_plants",13,11,9,27,1.4,NA,14,NA,NA,NA
"Mercia","tagged_plants",13,11,10,26.55,NA,NA,14,NA,NA,NA
"Mercia","tagged_plants",13,11,11,17.8,2,NA,17.5,NA,NA,56.8
"Mercia","tagged_plants",14,12,1,8,NA,NA,NA,NA,0,NA
"Mercia","tagged_plants",14,12,2,9.7,NA,NA,NA,NA,0,NA
"Mercia",NA,14,12,3,NA,NA,NA,NA,NA,0,NA
"Mercia",NA,14,12,4,NA,NA,NA,NA,NA,0,NA
"Mercia",NA,14,12,5,NA,NA,NA,NA,NA,0,NA
"Mercia","tagged_plants",14,12,6,9.5,NA,NA,NA,0.362,0,NA
"Mercia","tagged_plants",14,12,7,12,NA,NA,NA,NA,0,NA
"Mercia","tagged_plants",14,12,8,16.5,NA,NA,11.7,NA,0,NA
"Mercia","tagged_plants",14,12,9,21.35,NA,NA,12.5,NA,NA,NA
"Mercia","tagged_plants",14,12,10,23.6,NA,NA,13.5,NA,NA,NA
"Mercia","tagged_plants",14,12,11,20.5,1.7,NA,13.7,NA,NA,NA
"Mercia","tagged_plants",14,12,12,13.1,1.8,NA,17.5,NA,NA,62.6
"Mercia","tagged_plants",15,12,1,7.9,NA,NA,NA,NA,0,NA
"Mercia","tagged_plants",15,12,2,11.5,NA,NA,NA,NA,0,NA
"Mercia","tagged_plants",15,12,3,11.4,NA,NA,NA,NA,0,NA
"Mercia",NA,15,12,4,NA,NA,NA,NA,NA,0,NA
"Mercia",NA,15,12,5,NA,NA,NA,NA,NA,0,NA
"Mercia","tagged_plants",15,12,6,9,NA,NA,NA,0.422,0,NA
"Mercia","tagged_plants",15,12,7,11.5,NA,NA,NA,NA,0,NA
"Mercia","tagged_plants",15,12,8,17,NA,NA,8.5,NA,0,NA
"Mercia","tagged_plants",15,12,9,21.05,NA,NA,12,NA,NA,NA
"Mercia","tagged_plants",15,12,10,25.2,NA,NA,13,NA,NA,NA
"Mercia","tagged_plants",15,12,11,24.75,1.7,NA,14.3,NA,NA,NA
"Mercia","tagged_plants",15,12,12,19,2,NA,17.5,NA,NA,60
"Mercia","tagged_plants",16,12,1,9,NA,NA,NA,NA,0,NA
"Mercia",NA,16,12,2,NA,NA,NA,NA,NA,0,NA
"Mercia",NA,16,12,3,NA,NA,NA,NA,NA,0,NA
"Mercia",NA,16,12,4,NA,NA,NA,NA,NA,0,NA
"Mercia",NA,16,12,5,NA,NA,NA,NA,NA,0,NA
"Mercia","tagged_plants",16,12,6,9.5,NA,NA,NA,0.469,0,NA
"Mercia","tagged_plants",16,12,7,12,NA,NA,NA,NA,0,NA
"Mercia","tagged_plants",16,12,8,17,NA,NA,11.7,NA,0,NA
"Mercia","tagged_plants",16,12,9,21.75,NA,NA,11.7,NA,NA,NA
"Mercia","tagged_plants",16,12,10,24.2,NA,NA,14.3,NA,NA,NA
"Mercia","tagged_plants",16,12,11,24.7,1.8,NA,14.7,NA,NA,NA
"Mercia","tagged_plants",16,12,12,18,2,NA,19.5,NA,NA,67.5
"Mercia",NA,17,13,1,NA,NA,NA,NA,NA,0,NA
"Mercia",NA,17,13,2,NA,NA,NA,NA,NA,0,NA
"Mercia",NA,17,13,3,NA,NA,NA,NA,NA,0,NA
"Mercia",NA,17,13,4,NA,NA,NA,NA,NA,0,NA
"Mercia",NA,17,13,5,NA,NA,NA,NA,NA,0,NA
"Mercia",NA,17,13,6,NA,NA,NA,NA,0.368,0,NA
"Mercia","tagged_plants",17,13,7,11.5,NA,NA,NA,NA,0,NA
"Mercia","tagged_plants",17,13,8,15,NA,NA,4.8,NA,0,NA
"Mercia","tagged_plants",17,13,9,21.2,NA,NA,12.5,NA,NA,NA
"Mercia","tagged_plants",17,13,10,22.2,NA,NA,12.5,NA,NA,NA
"Mercia",NA,17,13,11,NA,1.6,NA,13,NA,NA,NA
"Mercia","tagged_plants",17,13,12,19.3,1.8,NA,17,NA,NA,70
"Mercia","tagged_plants",18,12,1,6.7,NA,NA,NA,NA,0,NA
"Mercia","tagged_plants",18,12,2,9.4,NA,NA,NA,NA,0,NA
"Mercia",NA,18,12,3,NA,NA,NA,NA,NA,0,NA
"Mercia",NA,18,12,4,NA,NA,NA,NA,NA,0,NA
"Mercia",NA,18,12,5,NA,NA,NA,NA,NA,0,NA
"Mercia",NA,18,12,6,NA,NA,NA,NA,0.379,0,NA
"Mercia","tagged_plants",18,12,7,9,NA,NA,NA,NA,0,NA
"Mercia","tagged_plants",18,12,8,12.5,NA,NA,NA,NA,0,NA
"Mercia","tagged_plants",18,12,9,19.35,NA,NA,10.7,NA,NA,NA
"Mercia","tagged_plants",18,12,10,20,NA,NA,12.7,NA,NA,NA
"Mercia","tagged_plants",18,12,11,22.1,1.7,NA,14,NA,NA,NA
"Mercia","tagged_plants",18,12,12,17.2,1.8,NA,18.5,NA,NA,64
"Mercia",NA,19,11,1,NA,NA,NA,NA,NA,0,NA
"Mercia",NA,19,11,2,NA,NA,NA,NA,NA,0,NA
"Mercia",NA,19,11,3,NA,NA,NA,NA,NA,0,NA
"Mercia",NA,19,11,4,NA,NA,NA,NA,NA,0,NA
"Mercia",NA,19,11,5,NA,NA,NA,NA,NA,0,NA
"Mercia","tagged_plants",19,11,6,11.5,NA,NA,NA,0.376,0,NA
"Mercia","tagged_plants",19,11,7,14,NA,NA,NA,NA,0,NA
"Mercia","tagged_plants",19,11,8,20.3,NA,NA,10.7,NA,NA,NA
"Mercia","tagged_plants",19,11,9,24.5,1.9,NA,13.5,NA,NA,NA
"Mercia","tagged_plants",19,11,10,23.3,NA,NA,13.5,NA,NA,NA
"Mercia","tagged_plants",19,11,11,16.8,1.9,NA,18.7,NA,NA,66
"Mercia",NA,20,12,1,NA,NA,NA,NA,NA,0,NA
"Mercia",NA,20,12,2,NA,NA,NA,NA,NA,0,NA
"Mercia","tagged_plants",20,12,3,10.2,NA,NA,NA,NA,0,NA
"Mercia",NA,20,12,4,NA,NA,NA,NA,NA,0,NA
"Mercia",NA,20,12,5,NA,NA,NA,NA,NA,0,NA
"Mercia","tagged_plants",20,12,6,10.5,NA,NA,NA,0.433,0,NA
"Mercia","tagged_plants",20,12,7,13,NA,NA,NA,NA,0,NA
"Mercia","tagged_plants",20,12,8,16,NA,NA,11.7,NA,0,NA
"Mercia","tagged_plants",20,12,9,20.75,NA,NA,12.8,NA,NA,NA
"Mercia","tagged_plants",20,12,10,23.9,NA,NA,12.8,NA,NA,NA
"Mercia","tagged_plants",20,12,11,19.95,1.7,NA,13.2,NA,NA,NA
"Mercia","tagged_plants",20,12,12,12.5,1.6,NA,16.5,NA,NA,61.5
"Mercia",NA,21,11,1,NA,NA,NA,NA,NA,0,NA
"Mercia","tagged_plants",21,11,2,10.5,NA,NA,NA,NA,0,NA
"Mercia",NA,21,11,3,NA,NA,NA,NA,NA,0,NA
"Mercia",NA,21,11,4,NA,NA,NA,NA,NA,0,NA
"Mercia",NA,21,11,5,NA,NA,NA,NA,NA,0,NA
"Mercia","tagged_plants",21,11,6,9,NA,NA,NA,0.418,0,NA
"Mercia","tagged_plants",21,11,7,12.5,NA,NA,NA,NA,0,NA
"Mercia","tagged_plants",21,11,8,17.5,NA,NA,9.5,NA,0,NA
"Mercia","tagged_plants",21,11,9,22,1.2,NA,12.7,NA,NA,NA
"Mercia","tagged_plants",21,11,10,24.7,NA,NA,13,NA,NA,NA
"Mercia","tagged_plants",21,11,11,19.5,2.2,NA,18,NA,NA,53
"Mercia",NA,22,11,1,NA,NA,NA,NA,NA,0,NA
"Mercia","tagged_plants",22,11,2,9.8,NA,NA,NA,NA,0,NA
"Mercia","tagged_plants",22,11,3,9,NA,NA,NA,NA,0,NA
"Mercia",NA,22,11,4,NA,NA,NA,NA,NA,0,NA
"Mercia",NA,22,11,5,NA,NA,NA,NA,NA,0,NA
"Mercia","tagged_plants",22,11,6,10,NA,NA,NA,0.434,0,NA
"Mercia","tagged_plants",22,11,7,13,NA,NA,NA,NA,0,NA
"Mercia","tagged_plants",22,11,8,18.5,NA,NA,11.5,NA,0,NA
"Mercia","tagged_plants",22,11,9,25.4,1.4,NA,14,NA,NA,NA
"Mercia","tagged_plants",22,11,10,27.65,NA,NA,13.5,NA,NA,NA
"Mercia",NA,22,11,11,NA,2,NA,18,NA,NA,52.5
"Mercia","tagged_plants",23,12,1,7,NA,NA,NA,NA,0,NA
"Mercia",NA,23,12,2,NA,NA,NA,NA,NA,0,NA
"Mercia","tagged_plants",23,12,3,8,NA,NA,NA,NA,0,NA
"Mercia",NA,23,12,4,NA,NA,NA,NA,NA,0,NA
"Mercia",NA,23,12,5,NA,NA,NA,NA,NA,0,NA
"Mercia",NA,23,12,6,NA,NA,NA,NA,0.41,0,NA
"Mercia","tagged_plants",23,12,7,11,NA,NA,NA,NA,0,NA
"Mercia","tagged_plants",23,12,8,14.5,NA,NA,NA,NA,0,NA
"Mercia","tagged_plants",23,12,9,21,NA,NA,11.5,NA,0,NA
"Mercia","tagged_plants",23,12,10,23.75,NA,NA,13.5,NA,NA,NA
"Mercia","tagged_plants",23,12,11,23.25,1.7,NA,14,NA,NA,NA
"Mercia","tagged_plants",23,12,12,16.6,1.8,NA,18.5,NA,NA,63
"Mercia","tagged_plants",24,11,1,8.3,NA,NA,NA,NA,0,NA
"Mercia","tagged_plants",24,11,2,8,NA,NA,NA,NA,0,NA
"Mercia","tagged_plants",24,11,3,8.3,NA,NA,NA,NA,0,NA
"Mercia",NA,24,11,4,NA,NA,NA,NA,NA,0,NA
"Mercia",NA,24,11,5,NA,NA,NA,NA,NA,0,NA
"Mercia",NA,24,11,6,NA,NA,NA,NA,0.423,0,NA
"Mercia","tagged_plants",24,11,7,11.5,NA,NA,NA,NA,0,NA
"Mercia","tagged_plants",24,11,8,19,NA,NA,9.5,NA,0,NA
"Mercia","tagged_plants",24,11,9,22.1,1.5,NA,13.5,NA,NA,NA
"Mercia","tagged_plants",24,11,10,24.8,NA,NA,13.5,NA,NA,NA
"Mercia",NA,24,11,11,NA,1.9,NA,18.2,NA,NA,61
"Mercia",NA,25,12,1,NA,NA,NA,NA,NA,0,NA
"Mercia","tagged_plants",25,12,2,10.3,NA,NA,NA,NA,0,NA
"Mercia","tagged_plants",25,12,3,9.2,NA,NA,NA,NA,0,NA
"Mercia",NA,25,12,4,NA,NA,NA,NA,NA,0,NA
"Mercia",NA,25,12,5,NA,NA,NA,NA,NA,0,NA
"Mercia","tagged_plants",25,12,6,9,NA,NA,NA,0.394,0,NA
"Mercia","tagged_plants",25,12,7,11.2,NA,NA,NA,NA,0,NA
"Mercia","tagged_plants",25,12,8,14.5,NA,NA,11,NA,0,NA
"Mercia","tagged_plants",25,12,9,21,NA,NA,12.3,NA,NA,NA
"Mercia","tagged_plants",25,12,10,23.4,NA,NA,13.5,NA,NA,NA
"Mercia","tagged_plants",25,12,11,21.1,1.8,NA,13.5,NA,NA,NA
"Mercia","tagged_plants",25,12,12,13.5,1.9,NA,18,NA,NA,66.5
"Mercia",NA,26,13,1,NA,NA,NA,NA,NA,0,NA
"Mercia","tagged_plants",26,13,2,9.5,NA,NA,NA,NA,0,NA
"Mercia",NA,26,13,3,NA,NA,NA,NA,NA,0,NA
"Mercia",NA,26,13,4,NA,NA,NA,NA,NA,0,NA
"Mercia",NA,26,13,5,NA,NA,NA,NA,NA,0,NA
"Mercia",NA,26,13,6,NA,NA,NA,NA,0.378,0,NA
"Mercia","tagged_plants",26,13,7,11,NA,NA,NA,NA,0,NA
"Mercia","tagged_plants",26,13,8,12.5,NA,NA,NA,NA,0,NA
"Mercia","tagged_plants",26,13,9,17.5,NA,NA,9.8,NA,0,NA
"Mercia","tagged_plants",26,13,10,23.25,NA,NA,13.2,NA,NA,NA
"Mercia","tagged_plants",26,13,11,24.9,1.5,NA,13,NA,NA,NA
"Mercia","tagged_plants",26,13,12,22.3,1.8,NA,14.3,NA,NA,NA
"Mercia","tagged_plants",26,13,13,18.6,2,NA,17.8,NA,NA,69.8
"Mercia","tagged_plants",27,11,1,9.2,NA,NA,NA,NA,0,NA
"Mercia","tagged_plants",27,11,2,12,NA,NA,NA,NA,0,NA
"Mercia",NA,27,11,3,NA,NA,NA,NA,NA,0,NA
"Mercia",NA,27,11,4,NA,NA,NA,NA,NA,0,NA
"Mercia",NA,27,11,5,NA,NA,NA,NA,NA,0,NA
"Mercia","tagged_plants",27,11,6,12,NA,NA,NA,0.346,0,NA
"Mercia","tagged_plants",27,11,7,15.5,NA,NA,NA,NA,0,NA
"Mercia","tagged_plants",27,11,8,17.5,NA,NA,12.5,NA,0,NA
"Mercia","tagged_plants",27,11,9,25.45,NA,NA,14.5,NA,NA,NA
"Mercia","tagged_plants",27,11,10,27.85,NA,NA,14.5,NA,NA,NA
"Mercia","tagged_plants",27,11,11,18.6,2.1,NA,18.5,NA,NA,65.5
"Mercia","tagged_plants",28,12,1,9.9,NA,NA,NA,NA,0,NA
"Mercia","tagged_plants",28,12,2,9.6,NA,NA,NA,NA,0,NA
"Mercia","tagged_plants",28,12,3,8.7,NA,NA,NA,NA,0,NA
"Mercia",NA,28,12,4,NA,NA,NA,NA,NA,0,NA
"Mercia",NA,28,12,5,NA,NA,NA,NA,NA,0,NA
"Mercia","tagged_plants",28,12,6,7.5,NA,NA,NA,0.415,0,NA
"Mercia","tagged_plants",28,12,7,9.5,NA,NA,NA,NA,0,NA
"Mercia","tagged_plants",28,12,8,15.5,NA,NA,NA,NA,0,NA
"Mercia","tagged_plants",28,12,9,22.15,NA,NA,12,NA,0,NA
"Mercia","tagged_plants",28,12,10,22.6,NA,NA,14,NA,NA,NA
"Mercia","tagged_plants",28,12,11,25.4,1.7,NA,14,NA,NA,NA
"Mercia","tagged_plants",28,12,12,16,1.8,NA,19,NA,NA,68.5
"Mercia","tagged_plants",29,11,1,10.1,NA,NA,NA,NA,0,NA
"Mercia","tagged_plants",29,11,2,8,NA,NA,NA,NA,0,NA
"Mercia",NA,29,11,3,NA,NA,NA,NA,NA,0,NA
"Mercia",NA,29,11,4,NA,NA,NA,NA,NA,0,NA
"Mercia",NA,29,11,5,NA,NA,NA,NA,NA,0,NA
"Mercia","tagged_plants",29,11,6,13.5,NA,NA,NA,0.436,0,NA
"Mercia","tagged_plants",29,11,7,16.5,NA,NA,NA,NA,0,NA
"Mercia","tagged_plants",29,11,8,22.1,NA,NA,11.5,NA,0,NA
"Mercia","tagged_plants",29,11,9,24.6,1.7,NA,14,NA,NA,NA
"Mercia","tagged_plants",29,11,10,25.75,NA,NA,15,NA,NA,NA
"Mercia",NA,29,11,11,NA,1.9,NA,17,NA,NA,61
"Mercia","tagged_plants",30,11,1,8.8,NA,NA,NA,NA,0,NA
"Mercia","tagged_plants",30,11,2,10.7,NA,NA,NA,NA,0,NA
"Mercia","tagged_plants",30,11,3,9.8,NA,NA,NA,NA,0,NA
"Mercia",NA,30,11,4,NA,NA,NA,NA,NA,0,NA
"Mercia",NA,30,11,5,NA,NA,NA,NA,NA,0,NA
"Mercia","tagged_plants",30,11,6,11.5,NA,NA,NA,0.346,0,NA
"Mercia","tagged_plants",30,11,7,13.5,NA,NA,NA,NA,0,NA
"Mercia","tagged_plants",30,11,8,19,NA,NA,11,NA,0,NA
"Mercia","tagged_plants",30,11,9,19.5,NA,NA,14.5,NA,NA,NA
"Mercia","tagged_plants",30,11,10,27.35,1.8,NA,14.5,NA,NA,NA
"Mercia","tagged_plants",30,11,11,18.1,2,NA,19.5,NA,NA,67
"Mercia","tagged_plants",31,12,1,8,NA,NA,NA,NA,0,NA
"Mercia","tagged_plants",31,12,2,9.5,NA,NA,NA,NA,0,NA
"Mercia","tagged_plants",31,12,3,9.1,NA,NA,NA,NA,0,NA
"Mercia",NA,31,12,4,NA,NA,NA,NA,NA,0,NA
"Mercia",NA,31,12,5,NA,NA,NA,NA,NA,0,NA
"Mercia","tagged_plants",31,12,6,9,NA,NA,NA,0.37,0,NA
"Mercia","tagged_plants",31,12,7,11.5,NA,NA,NA,NA,0,NA
"Mercia","tagged_plants",31,12,8,16.5,NA,NA,11,NA,0,NA
"Mercia","tagged_plants",31,12,9,21,NA,NA,12.2,NA,NA,NA
"Mercia","tagged_plants",31,12,10,26.2,NA,NA,14.5,NA,NA,NA
"Mercia","tagged_plants",31,12,11,23.85,1.8,NA,15,NA,NA,NA
"Mercia","tagged_plants",31,12,12,16.8,NA,NA,20,NA,NA,69.5
"Mercia","tagged_plants",32,12,1,6.8,NA,NA,NA,NA,0,NA
"Mercia","tagged_plants",32,12,2,9.6,NA,NA,NA,NA,0,NA
"Mercia",NA,32,12,3,NA,NA,NA,NA,NA,0,NA
"Mercia",NA,32,12,4,NA,NA,NA,NA,NA,0,NA
"Mercia",NA,32,12,5,NA,NA,NA,NA,NA,0,NA
"Mercia","tagged_plants",32,12,6,9.5,NA,NA,NA,0.418,0,NA
"Mercia","tagged_plants",32,12,7,12,NA,NA,NA,NA,0,NA
"Mercia","tagged_plants",32,12,8,14.5,NA,NA,NA,NA,0,NA
"Mercia","tagged_plants",32,12,9,20.65,NA,NA,11.7,NA,0,NA
"Mercia","tagged_plants",32,12,10,22.7,NA,NA,12,NA,NA,NA
"Mercia","tagged_plants",32,12,11,21.95,1.6,NA,14,NA,NA,NA
"Mercia","tagged_plants",32,12,12,17.1,1.7,NA,18.5,NA,NA,65.5
"Mercia","tagged_plants",33,12,1,8,NA,NA,NA,NA,0,NA
"Mercia","tagged_plants",33,12,2,11,NA,NA,NA,NA,0,NA
"Mercia",NA,33,12,3,NA,NA,NA,NA,NA,0,NA
"Mercia",NA,33,12,4,NA,NA,NA,NA,NA,0,NA
"Mercia",NA,33,12,5,NA,NA,NA,NA,NA,0,NA
"Mercia","tagged_plants",33,12,6,9.5,NA,NA,NA,0.352,0,NA
"Mercia","tagged_plants",33,12,7,12,NA,NA,NA,NA,0,NA
"Mercia","tagged_plants",33,12,8,16.75,NA,NA,11.2,NA,0,NA
"Mercia","tagged_plants",33,12,9,24,NA,NA,13,NA,NA,NA
"Mercia","tagged_plants",33,12,10,25.6,NA,NA,12.8,NA,NA,NA
"Mercia","tagged_plants",33,12,11,20.5,1.6,NA,13.5,NA,NA,NA
"Mercia","tagged_plants",33,12,12,14.4,1.7,NA,17,NA,NA,73
"Mercia",NA,34,12,1,NA,NA,NA,NA,NA,0,NA
"Mercia","tagged_plants",34,12,2,9.4,NA,NA,NA,NA,0,NA
"Mercia","tagged_plants",34,12,3,8.6,NA,NA,NA,NA,0,NA
"Mercia",NA,34,12,4,NA,NA,NA,NA,NA,0,NA
"Mercia",NA,34,12,5,NA,NA,NA,NA,NA,0,NA
"Mercia","tagged_plants",34,12,6,9,NA,NA,NA,0.461,0,NA
"Mercia","tagged_plants",34,12,7,12,NA,NA,NA,NA,0,NA
"Mercia","tagged_plants",34,12,8,15.5,NA,NA,NA,NA,0,NA
"Mercia","tagged_plants",34,12,9,19.85,NA,NA,11,NA,0,NA
"Mercia","tagged_plants",34,12,10,25.1,NA,NA,15.8,NA,NA,NA
"Mercia","tagged_plants",34,12,11,26.05,1.8,NA,15.5,NA,NA,NA
"Mercia","tagged_plants",34,12,12,18.6,2,NA,20.2,NA,NA,72
"Mercia","tagged_plants",35,12,1,8,NA,NA,NA,NA,0,NA
"Mercia","tagged_plants",35,12,2,9.4,NA,NA,NA,NA,0,NA
"Mercia","tagged_plants",35,12,3,8.5,NA,NA,NA,NA,0,NA
"Mercia",NA,35,12,4,NA,NA,NA,NA,NA,0,NA
"Mercia",NA,35,12,5,NA,NA,NA,NA,NA,0,NA
"Mercia","tagged_plants",35,12,6,9.2,NA,NA,NA,0.493,0,NA
"Mercia","tagged_plants",35,12,7,12.2,NA,NA,NA,NA,0,NA
"Mercia","tagged_plants",35,12,8,16,NA,NA,NA,NA,0,NA
"Mercia","tagged_plants",35,12,9,21.25,NA,NA,13.5,NA,0,NA
"Mercia","tagged_plants",35,12,10,27.8,NA,NA,15.5,NA,NA,NA
"Mercia","tagged_plants",35,12,11,27.05,1.9,NA,15.5,NA,NA,NA
"Mercia","tagged_plants",35,12,12,20.7,2.1,NA,20.5,NA,NA,70.5
"Mercia","tagged_plants",36,12,1,8.4,NA,NA,NA,NA,0,NA
"Mercia","tagged_plants",36,12,2,10.8,NA,NA,NA,NA,0,NA
"Mercia","tagged_plants",36,12,3,10,NA,NA,NA,NA,0,NA
"Mercia",NA,36,12,4,NA,NA,NA,NA,NA,0,NA
"Mercia",NA,36,12,5,NA,NA,NA,NA,NA,0,NA
"Mercia","tagged_plants",36,12,6,9,NA,NA,NA,0.382,0,NA
"Mercia","tagged_plants",36,12,7,12.2,NA,NA,NA,NA,0,NA
"Mercia","tagged_plants",36,12,8,17.5,NA,NA,9.5,NA,0,NA
"Mercia","tagged_plants",36,12,9,21.75,NA,NA,12,NA,NA,NA
"Mercia","tagged_plants",36,12,10,23.5,NA,NA,13.3,NA,NA,NA
"Mercia","tagged_plants",36,12,11,24.25,1.6,NA,14.5,NA,NA,NA
"Mercia","tagged_plants",36,12,12,18.2,1.8,NA,17.5,NA,NA,70
"Rht3","tagged_plants",1,11,1,7.5,NA,NA,NA,NA,0,NA
"Rht3","tagged_plants",1,11,2,10,NA,NA,NA,NA,0,NA
"Rht3","tagged_plants",1,11,3,9,NA,NA,NA,NA,0,NA
"Rht3",NA,1,11,4,NA,NA,NA,NA,NA,0,NA
"Rht3",NA,1,11,5,NA,NA,NA,NA,NA,0,NA
"Rht3",NA,1,11,6,NA,NA,NA,NA,0.475,0,NA
"Rht3","tagged_plants",1,11,7,12.7,NA,NA,NA,NA,0,NA
"Rht3","tagged_plants",1,11,8,15.8,NA,NA,9,NA,0,NA
"Rht3","tagged_plants",1,11,9,18.75,NA,NA,9.5,NA,NA,NA
"Rht3","tagged_plants",1,11,10,21,1.8,NA,11,NA,NA,NA
"Rht3",NA,1,11,11,NA,2.3,NA,13.5,NA,NA,31.5
"Rht3","tagged_plants",2,12,1,8,NA,NA,NA,NA,0,NA
"Rht3","tagged_plants",2,12,2,10,NA,NA,NA,NA,0,NA
"Rht3","tagged_plants",2,12,3,10.5,NA,NA,NA,NA,0,NA
"Rht3","tagged_plants",2,12,4,7.5,NA,NA,NA,NA,0,NA
"Rht3",NA,2,12,5,NA,NA,NA,NA,NA,0,NA
"Rht3",NA,2,12,6,NA,NA,NA,NA,0.521,0,NA
"Rht3","tagged_plants",2,12,7,12.5,NA,NA,NA,NA,0,NA
"Rht3","tagged_plants",2,12,8,14,NA,NA,NA,NA,0,NA
"Rht3","tagged_plants",2,12,9,16.2,NA,NA,9,NA,0,NA
"Rht3","tagged_plants",2,12,10,19.7,1.7,NA,11,NA,NA,NA
"Rht3","tagged_plants",2,12,11,21.35,2,NA,12.5,NA,NA,NA
"Rht3","tagged_plants",2,12,12,16.6,2.4,NA,15,NA,NA,37
"Rht3","tagged_plants",3,NA,1,7,NA,NA,NA,NA,NA,NA
"Rht3","tagged_plants",3,NA,2,7.5,NA,NA,NA,NA,NA,NA
"Rht3","tagged_plants",3,NA,3,8.5,NA,NA,NA,NA,NA,NA
"Rht3","tagged_plants",3,NA,6,9.5,NA,NA,NA,NA,NA,NA
"Rht3","tagged_plants",3,NA,7,10.8,NA,NA,NA,NA,NA,NA
"Rht3","tagged_plants",3,NA,8,13.7,NA,NA,NA,NA,NA,NA
"Rht3","tagged_plants",4,NA,1,9,NA,NA,NA,NA,NA,NA
"Rht3","tagged_plants",4,NA,2,12,NA,NA,NA,NA,NA,NA
"Rht3","tagged_plants",4,NA,6,11.8,NA,NA,NA,NA,NA,NA
"Rht3","tagged_plants",4,NA,7,13.5,NA,NA,NA,NA,NA,NA
"Rht3","tagged_plants",4,NA,8,17.2,NA,NA,NA,NA,NA,NA
"Rht3","tagged_plants",4,NA,10,14.3,NA,NA,NA,NA,NA,NA
"Rht3","tagged_plants",5,11,1,8.5,NA,NA,NA,NA,0,NA
"Rht3","tagged_plants",5,11,2,11.5,NA,NA,NA,NA,0,NA
"Rht3",NA,5,11,3,NA,NA,NA,NA,NA,0,NA
"Rht3",NA,5,11,4,NA,NA,NA,NA,NA,0,NA
"Rht3",NA,5,11,5,NA,NA,NA,NA,NA,0,NA
"Rht3","tagged_plants",5,11,6,10.6,NA,NA,NA,1.406,0,NA
"Rht3","tagged_plants",5,11,7,13,NA,NA,NA,NA,0,NA
"Rht3","tagged_plants",5,11,8,17.2,NA,NA,6.5,NA,0,NA
"Rht3","tagged_plants",5,11,9,16.95,NA,NA,6.7,NA,NA,NA
"Rht3","tagged_plants",5,11,10,11.5,1.6,NA,8,NA,NA,NA
"Rht3",NA,5,11,11,NA,2.8,NA,11,NA,NA,22.5
"Rht3",NA,6,12,1,NA,NA,NA,NA,NA,0,NA
"Rht3","tagged_plants",6,12,2,10.5,NA,NA,NA,NA,0,NA
"Rht3",NA,6,12,3,NA,NA,NA,NA,NA,0,NA
"Rht3",NA,6,12,4,NA,NA,NA,NA,NA,0,NA
"Rht3",NA,6,12,5,NA,NA,NA,NA,NA,0,NA
"Rht3","tagged_plants",6,12,6,9.2,NA,NA,NA,0.444,0,NA
"Rht3","tagged_plants",6,12,7,10.6,NA,NA,NA,NA,0,NA
"Rht3","tagged_plants",6,12,8,13.7,NA,NA,NA,NA,0,NA
"Rht3","tagged_plants",6,12,9,15.85,NA,NA,8,NA,0,NA
"Rht3","tagged_plants",6,12,10,17.2,1.6,NA,9.5,NA,NA,NA
"Rht3","tagged_plants",6,12,11,21.15,2,NA,11.2,NA,NA,NA
"Rht3","tagged_plants",6,12,12,17.3,2.3,NA,14.5,NA,NA,34.5
"Rht3","tagged_plants",7,NA,1,9,NA,NA,NA,NA,NA,NA
"Rht3","tagged_plants",7,NA,2,11,NA,NA,NA,NA,NA,NA
"Rht3","tagged_plants",7,NA,6,9.2,NA,NA,NA,NA,NA,NA
"Rht3","tagged_plants",7,NA,7,11.5,NA,NA,NA,NA,NA,NA
"Rht3","tagged_plants",7,NA,8,15.3,NA,NA,NA,NA,NA,NA
"Rht3","tagged_plants",8,12,1,7.5,NA,NA,NA,NA,0,NA
"Rht3","tagged_plants",8,12,2,8,NA,NA,NA,NA,0,NA
"Rht3","tagged_plants",8,12,3,10,NA,NA,NA,NA,0,NA
"Rht3",NA,8,12,4,NA,NA,NA,NA,NA,0,NA
"Rht3",NA,8,12,5,NA,NA,NA,NA,NA,0,NA
"Rht3","tagged_plants",8,12,6,9.3,NA,NA,NA,0.378,0,NA
"Rht3","tagged_plants",8,12,7,12.6,NA,NA,NA,NA,0,NA
"Rht3","tagged_plants",8,12,8,12.8,NA,NA,5,NA,0,NA
"Rht3","tagged_plants",8,12,9,9.8,NA,NA,5.5,NA,NA,NA
"Rht3","tagged_plants",8,12,10,12.7,1.3,NA,7.5,NA,NA,NA
"Rht3",NA,8,12,11,NA,1.7,NA,8.7,NA,NA,NA
"Rht3","tagged_plants",8,12,12,17,2,NA,11,NA,NA,26
"Rht3","tagged_plants",9,NA,6,7.7,NA,NA,NA,NA,NA,NA
"Rht3","tagged_plants",9,NA,7,10.4,NA,NA,NA,NA,NA,NA
"Rht3","tagged_plants",9,NA,8,12.1,NA,NA,NA,NA,NA,NA
"Rht3","tagged_plants",10,NA,1,7,NA,NA,NA,NA,NA,NA
"Rht3","tagged_plants",10,NA,2,11.5,NA,NA,NA,NA,NA,NA
"Rht3","tagged_plants",10,NA,6,10,NA,NA,NA,NA,NA,NA
"Rht3","tagged_plants",10,NA,7,12.2,NA,NA,NA,NA,NA,NA
"Rht3","tagged_plants",10,NA,8,15.7,NA,NA,NA,NA,NA,NA
"Rht3","tagged_plants",11,11,1,8,NA,NA,NA,NA,0,NA
"Rht3","tagged_plants",11,11,2,10.5,NA,NA,NA,NA,0,NA
"Rht3","tagged_plants",11,11,3,10,NA,NA,NA,NA,0,NA
"Rht3",NA,11,11,4,NA,NA,NA,NA,NA,0,NA
"Rht3",NA,11,11,5,NA,NA,NA,NA,NA,0,NA
"Rht3","tagged_plants",11,11,6,12.3,NA,NA,NA,0.406,0,NA
"Rht3","tagged_plants",11,11,7,14.2,NA,NA,NA,NA,0,NA
"Rht3","tagged_plants",11,11,8,17.5,NA,NA,7.5,NA,0,NA
"Rht3","tagged_plants",11,11,9,17.3,1.6,NA,8,NA,NA,NA
"Rht3","tagged_plants",11,11,10,12.8,1.8,NA,10.5,NA,NA,NA
"Rht3","tagged_plants",11,11,11,18.5,2.3,NA,11.5,NA,NA,24.5
"Rht3","tagged_plants",12,NA,1,7,NA,NA,NA,NA,NA,NA
"Rht3","tagged_plants",12,NA,3,6,NA,NA,NA,NA,NA,NA
"Rht3","tagged_plants",12,NA,7,10.5,NA,NA,NA,NA,NA,NA
"Rht3","tagged_plants",13,11,1,8,NA,NA,NA,NA,0,NA
"Rht3","tagged_plants",13,11,2,11.5,NA,NA,NA,NA,0,NA
"Rht3","tagged_plants",13,11,3,10,NA,NA,NA,NA,0,NA
"Rht3",NA,13,11,4,NA,NA,NA,NA,NA,0,NA
"Rht3",NA,13,11,5,NA,NA,NA,NA,NA,0,NA
"Rht3","tagged_plants",13,11,6,12,NA,NA,NA,0.392,0,NA
"Rht3","tagged_plants",13,11,7,13.3,NA,NA,NA,NA,0,NA
"Rht3","tagged_plants",13,11,8,17.4,NA,NA,NA,NA,0,NA
"Rht3","tagged_plants",13,11,9,18.7,NA,NA,8,NA,0,NA
"Rht3","tagged_plants",13,11,10,15.4,1.9,NA,10,NA,NA,NA
"Rht3","tagged_plants",13,11,11,15.5,2.1,NA,12.5,NA,NA,27
"Rht3","tagged_plants",14,10,1,6.5,NA,NA,NA,NA,NA,NA
"Rht3","tagged_plants",14,10,2,8,NA,NA,NA,NA,NA,NA
"Rht3","tagged_plants",14,10,3,7.5,NA,NA,NA,NA,NA,NA
"Rht3","tagged_plants",14,10,6,8.5,NA,NA,NA,NA,NA,NA
"Rht3","tagged_plants",14,10,7,10.5,NA,NA,NA,NA,NA,NA
"Rht3","tagged_plants",14,10,8,16.5,NA,NA,NA,NA,NA,NA
"Rht3","tagged_plants",14,10,9,16.7,NA,NA,NA,NA,NA,NA
"Rht3","tagged_plants",14,10,10,18,NA,NA,NA,NA,NA,NA
"Rht3","tagged_plants",15,NA,2,8.5,NA,NA,NA,NA,NA,NA
"Rht3","tagged_plants",15,NA,3,11.5,NA,NA,NA,NA,NA,NA
"Rht3","tagged_plants",16,NA,1,6.5,NA,NA,NA,NA,NA,NA
"Rht3","tagged_plants",16,NA,2,9,NA,NA,NA,NA,NA,NA
"Rht3","tagged_plants",16,NA,6,9.5,NA,NA,NA,NA,NA,NA
"Rht3","tagged_plants",16,NA,7,13,NA,NA,NA,NA,NA,NA
"Rht3","tagged_plants",16,NA,8,18.5,NA,NA,NA,NA,NA,NA
"Rht3","tagged_plants",16,NA,9,17.25,NA,NA,NA,NA,NA,NA
"Rht3","tagged_plants",17,11,1,6.5,NA,NA,NA,NA,0,NA
"Rht3","tagged_plants",17,11,2,8,NA,NA,NA,NA,0,NA
"Rht3",NA,17,11,3,NA,NA,NA,NA,NA,0,NA
"Rht3",NA,17,11,4,NA,NA,NA,NA,NA,0,NA
"Rht3",NA,17,11,5,NA,NA,NA,NA,NA,0,NA
"Rht3","tagged_plants",17,11,6,8.5,NA,NA,NA,0.363,0,NA
"Rht3","tagged_plants",17,11,7,9,NA,NA,NA,NA,0,NA
"Rht3","tagged_plants",17,11,8,12,NA,NA,6,NA,0,NA
"Rht3","tagged_plants",17,11,9,15.45,NA,NA,8,NA,NA,NA
"Rht3","tagged_plants",17,11,10,17.75,1.8,NA,9.5,NA,NA,NA
"Rht3","tagged_plants",17,11,11,14.3,2.2,NA,11.5,NA,NA,27.5
"Rht3","tagged_plants",18,NA,1,8.5,NA,NA,NA,NA,NA,NA
"Rht3","tagged_plants",18,NA,2,12.5,NA,NA,NA,NA,NA,NA
"Rht3","tagged_plants",18,NA,3,11.5,NA,NA,NA,NA,NA,NA
"Rht3","tagged_plants",19,11,1,6.5,NA,NA,NA,NA,0,NA
"Rht3","tagged_plants",19,11,2,7.5,NA,NA,NA,NA,0,NA
"Rht3","tagged_plants",19,11,3,8.5,NA,NA,NA,NA,0,NA
"Rht3",NA,19,11,4,NA,NA,NA,NA,NA,0,NA
"Rht3",NA,19,11,5,NA,NA,NA,NA,NA,0,NA
"Rht3","tagged_plants",19,11,6,9,NA,NA,NA,0.38,0,NA
"Rht3","tagged_plants",19,11,7,10.5,NA,NA,NA,NA,0,NA
"Rht3","tagged_plants",19,11,8,14.5,NA,NA,7,NA,0,NA
"Rht3","tagged_plants",19,11,9,16.8,NA,NA,8.5,NA,NA,NA
"Rht3","tagged_plants",19,11,10,18.15,1.8,NA,10,NA,NA,NA
"Rht3","tagged_plants",19,11,11,14,1.9,NA,13.7,NA,NA,30.5
"Rht3","tagged_plants",20,NA,1,6.5,NA,NA,NA,NA,NA,NA
"Rht3","tagged_plants",20,NA,2,8.5,NA,NA,NA,NA,NA,NA
"Rht3","tagged_plants",20,NA,3,7.5,NA,NA,NA,NA,NA,NA
"Rht3","tagged_plants",21,12,1,5,NA,NA,NA,NA,0,NA
"Rht3","tagged_plants",21,12,2,7,NA,NA,NA,NA,0,NA
"Rht3","tagged_plants",21,12,3,7,NA,NA,NA,NA,0,NA
"Rht3",NA,21,12,4,NA,NA,NA,NA,NA,0,NA
"Rht3",NA,21,12,5,NA,NA,NA,NA,NA,0,NA
"Rht3","tagged_plants",21,12,6,6.5,NA,NA,NA,0.463,0,NA
"Rht3","tagged_plants",21,12,7,7,NA,NA,NA,NA,0,NA
"Rht3","tagged_plants",21,12,8,9,NA,NA,NA,NA,0,NA
"Rht3","tagged_plants",21,12,9,14,NA,NA,6.5,NA,0,NA
"Rht3","tagged_plants",21,12,10,16.5,1.5,NA,8,NA,NA,NA
"Rht3","tagged_plants",21,12,11,16.5,1.7,NA,10,NA,NA,NA
"Rht3","tagged_plants",21,12,12,16.2,2.2,NA,12.5,NA,NA,29
"Rht3","tagged_plants",22,11,1,8,NA,NA,NA,NA,0,NA
"Rht3","tagged_plants",22,11,2,9.5,NA,NA,NA,NA,0,NA
"Rht3",NA,22,11,3,NA,NA,NA,NA,NA,0,NA
"Rht3",NA,22,11,4,NA,NA,NA,NA,NA,0,NA
"Rht3",NA,22,11,5,NA,NA,NA,NA,NA,0,NA
"Rht3","tagged_plants",22,11,6,9,NA,NA,NA,0.321,0,NA
"Rht3","tagged_plants",22,11,7,13,NA,NA,NA,NA,0,NA
"Rht3","tagged_plants",22,11,8,18,NA,NA,NA,NA,0,NA
"Rht3","tagged_plants",22,11,9,20.05,1.7,NA,10,NA,0,NA
"Rht3","tagged_plants",22,11,10,22.85,2,NA,11,NA,0,NA
"Rht3",NA,22,11,11,NA,NA,NA,NA,NA,NA,19
"Rht3","tagged_plants",23,11,1,9.5,NA,NA,NA,NA,0,NA
"Rht3","tagged_plants",23,11,2,11.5,NA,NA,NA,NA,0,NA
"Rht3",NA,23,11,3,NA,NA,NA,NA,NA,0,NA
"Rht3",NA,23,11,4,NA,NA,NA,NA,NA,0,NA
"Rht3",NA,23,11,5,NA,NA,NA,NA,NA,0,NA
"Rht3","tagged_plants",23,11,6,9.5,NA,NA,NA,0.471,0,NA
"Rht3","tagged_plants",23,11,7,12.5,NA,NA,NA,NA,0,NA
"Rht3","tagged_plants",23,11,8,16.5,NA,NA,NA,NA,0,NA
"Rht3","tagged_plants",23,11,9,17.15,NA,NA,10.5,NA,0,NA
"Rht3","tagged_plants",23,11,10,20.85,1.8,NA,11,NA,NA,NA
"Rht3","tagged_plants",23,11,11,14.6,2,NA,13.5,NA,NA,31
"Rht3","tagged_plants",24,NA,1,8.5,NA,NA,NA,NA,NA,NA
"Rht3","tagged_plants",24,NA,2,11.5,NA,NA,NA,NA,NA,NA
"Rht3","tagged_plants",24,NA,3,9,NA,NA,NA,NA,NA,NA
"Rht3","tagged_plants",24,NA,6,11.5,NA,NA,NA,NA,NA,NA
"Rht3","tagged_plants",24,NA,7,14.55,NA,NA,NA,NA,NA,NA
"Rht3",NA,25,11,1,NA,NA,NA,NA,NA,0,NA
"Rht3","tagged_plants",25,11,2,11,NA,NA,NA,NA,0,NA
"Rht3","tagged_plants",25,11,3,10,NA,NA,NA,NA,0,NA
"Rht3",NA,25,11,4,NA,NA,NA,NA,NA,0,NA
"Rht3",NA,25,11,5,NA,NA,NA,NA,NA,0,NA
"Rht3","tagged_plants",25,11,6,11,NA,NA,NA,0.439,0,NA
"Rht3","tagged_plants",25,11,7,12.5,NA,NA,NA,NA,0,NA
"Rht3","tagged_plants",25,11,8,16,NA,NA,7,NA,0,NA
"Rht3","tagged_plants",25,11,9,19.1,NA,NA,9,NA,NA,NA
"Rht3","tagged_plants",25,11,10,19.95,2,NA,10.2,NA,NA,NA
"Rht3","tagged_plants",25,11,11,14.7,2.2,NA,13.5,NA,NA,28
"Rht3","tagged_plants",26,12,1,5.5,NA,NA,NA,NA,0,NA
"Rht3","tagged_plants",26,12,2,8,NA,NA,NA,NA,0,NA
"Rht3","tagged_plants",26,12,3,8,NA,NA,NA,NA,0,NA
"Rht3",NA,26,12,4,NA,NA,NA,NA,NA,0,NA
"Rht3",NA,26,12,5,NA,NA,NA,NA,NA,0,NA
"Rht3","tagged_plants",26,12,6,8,NA,NA,NA,0.489,0,NA
"Rht3","tagged_plants",26,12,7,8.5,NA,NA,NA,NA,0,NA
"Rht3","tagged_plants",26,12,8,10.5,NA,NA,NA,NA,0,NA
"Rht3","tagged_plants",26,12,9,16.35,NA,NA,7,NA,0,NA
"Rht3","tagged_plants",26,12,10,18.1,1.7,NA,8.5,NA,NA,NA
"Rht3","tagged_plants",26,12,11,17.55,1.8,NA,10,NA,NA,NA
"Rht3","tagged_plants",26,12,12,12.4,2,NA,13,NA,NA,30.5
"Rht3","tagged_plants",27,11,1,8.5,NA,NA,NA,NA,0,NA
"Rht3","tagged_plants",27,11,2,9,NA,NA,NA,NA,0,NA
"Rht3","tagged_plants",27,11,3,9,NA,NA,NA,NA,0,NA
"Rht3",NA,27,11,4,NA,NA,NA,NA,NA,0,NA
"Rht3",NA,27,11,5,NA,NA,NA,NA,NA,0,NA
"Rht3","tagged_plants",27,11,6,11,NA,NA,NA,0.447,0,NA
"Rht3","tagged_plants",27,11,7,13.5,NA,NA,NA,NA,0,NA
"Rht3","tagged_plants",27,11,8,17,NA,NA,7.5,NA,0,NA
"Rht3","tagged_plants",27,11,9,19.8,1.7,NA,10,NA,NA,NA
"Rht3","tagged_plants",27,11,10,21.4,2,NA,10.5,NA,NA,NA
"Rht3","tagged_plants",27,11,11,14.5,2.2,NA,13,NA,NA,31.5
"Rht3","tagged_plants",28,12,1,7.5,NA,NA,NA,NA,0,NA
"Rht3","tagged_plants",28,12,2,10.5,NA,NA,NA,NA,0,NA
"Rht3",NA,28,12,3,NA,NA,NA,NA,NA,0,NA
"Rht3",NA,28,12,4,NA,NA,NA,NA,NA,0,NA
"Rht3",NA,28,12,5,NA,NA,NA,NA,NA,0,NA
"Rht3","tagged_plants",28,12,6,10,NA,NA,NA,0.478,0,NA
"Rht3","tagged_plants",28,12,7,11.5,NA,NA,NA,NA,0,NA
"Rht3","tagged_plants",28,12,8,15,NA,NA,7.5,NA,0,NA
"Rht3","tagged_plants",28,12,9,18.25,NA,NA,7.5,NA,NA,NA
"Rht3","tagged_plants",28,12,10,18,1.6,NA,9.5,NA,NA,NA
"Rht3","tagged_plants",28,12,11,19.4,1.9,NA,10.7,NA,NA,NA
"Rht3","tagged_plants",28,12,12,14.5,1.9,NA,13.8,NA,NA,33
"Rht3","tagged_plants",29,11,1,6.5,NA,NA,NA,NA,0,NA
"Rht3","tagged_plants",29,11,2,9,NA,NA,NA,NA,0,NA
"Rht3","tagged_plants",29,11,3,9.2,NA,NA,NA,NA,0,NA
"Rht3",NA,29,11,4,NA,NA,NA,NA,NA,0,NA
"Rht3",NA,29,11,5,NA,NA,NA,NA,NA,0,NA
"Rht3","tagged_plants",29,11,6,9.5,NA,NA,NA,0.386,0,NA
"Rht3","tagged_plants",29,11,7,13,NA,NA,NA,NA,0,NA
"Rht3","tagged_plants",29,11,8,19,NA,NA,7,NA,0,NA
"Rht3","tagged_plants",29,11,9,18,1.7,NA,9.5,NA,NA,NA
"Rht3","tagged_plants",29,11,10,20.45,1.9,NA,10.5,NA,NA,NA
"Rht3","tagged_plants",29,11,11,15,2.3,NA,14,NA,NA,31
"Rht3","tagged_plants",30,11,1,6.5,NA,NA,NA,NA,0,NA
"Rht3","tagged_plants",30,11,2,10,NA,NA,NA,NA,0,NA
"Rht3","tagged_plants",30,11,3,10,NA,NA,NA,NA,0,NA
"Rht3",NA,30,11,4,NA,NA,NA,NA,NA,0,NA
"Rht3",NA,30,11,5,NA,NA,NA,NA,NA,0,NA
"Rht3","tagged_plants",30,11,6,11.5,NA,NA,NA,0.473,0,NA
"Rht3","tagged_plants",30,11,7,12.5,NA,NA,NA,NA,0,NA
"Rht3","tagged_plants",30,11,8,15.1,NA,NA,8,NA,0,NA
"Rht3","tagged_plants",30,11,9,18.75,1.8,NA,9.7,NA,NA,NA
"Rht3","tagged_plants",30,11,10,19.9,1.9,NA,11,NA,NA,NA
"Rht3","tagged_plants",30,11,11,14.7,2.3,NA,14.2,NA,NA,33
"Rht3","tagged_plants",31,11,1,8,NA,NA,NA,NA,0,NA
"Rht3","tagged_plants",31,11,2,11,NA,NA,NA,NA,0,NA
"Rht3","tagged_plants",31,11,3,10.5,NA,NA,NA,NA,0,NA
"Rht3",NA,31,11,4,NA,NA,NA,NA,NA,0,NA
"Rht3",NA,31,11,5,NA,NA,NA,NA,NA,0,NA
"Rht3","tagged_plants",31,11,6,11.5,NA,NA,NA,0.449,0,NA
"Rht3","tagged_plants",31,11,7,14,NA,NA,NA,NA,0,NA
"Rht3","tagged_plants",31,11,8,17,NA,NA,9,NA,0,NA
"Rht3","tagged_plants",31,11,9,20.85,1.6,NA,10.5,NA,NA,NA
"Rht3","tagged_plants",31,11,10,22.2,2.1,NA,11.7,NA,NA,NA
"Rht3",NA,31,11,11,NA,2.2,NA,14,NA,NA,33
"Rht3",NA,32,11,1,NA,NA,NA,NA,NA,0,NA
"Rht3",NA,32,11,2,NA,NA,NA,NA,NA,0,NA
"Rht3","tagged_plants",32,11,3,11,NA,NA,NA,NA,0,NA
"Rht3",NA,32,11,4,NA,NA,NA,NA,NA,0,NA
"Rht3",NA,32,11,5,NA,NA,NA,NA,NA,0,NA
"Rht3","tagged_plants",32,11,6,9.5,NA,NA,NA,0.515,0,NA
"Rht3","tagged_plants",32,11,7,10,NA,NA,NA,NA,0,NA
"Rht3","tagged_plants",32,11,8,13.5,NA,NA,6.7,NA,0,NA
"Rht3","tagged_plants",32,11,9,17.2,1.4,NA,8.2,NA,NA,NA
"Rht3","tagged_plants",32,11,10,18.5,1.7,NA,9.5,NA,NA,NA
"Rht3","tagged_plants",32,11,11,14,2,NA,13,NA,NA,31.5
"Rht3","tagged_plants",33,11,1,8,NA,NA,NA,NA,0,NA
"Rht3","tagged_plants",33,11,2,10,NA,NA,NA,NA,0,NA
"Rht3",NA,33,11,3,NA,NA,NA,NA,NA,0,NA
"Rht3",NA,33,11,4,NA,NA,NA,NA,NA,0,NA
"Rht3",NA,33,11,5,NA,NA,NA,NA,NA,0,NA
"Rht3","tagged_plants",33,11,6,10.5,NA,NA,NA,0.439,0,NA
"Rht3","tagged_plants",33,11,7,13,NA,NA,NA,NA,0,NA
"Rht3","tagged_plants",33,11,8,16,NA,NA,6.5,NA,0,NA
"Rht3","tagged_plants",33,11,9,17.95,NA,NA,8.7,NA,NA,NA
"Rht3","tagged_plants",33,11,10,17.2,2,NA,9,NA,NA,NA
"Rht3","tagged_plants",33,11,11,12.2,2.1,NA,12,NA,NA,30.5
"Rht3","tagged_plants",34,11,1,8.5,NA,NA,NA,NA,0,NA
"Rht3","tagged_plants",34,11,2,11,NA,NA,NA,NA,0,NA
"Rht3","tagged_plants",34,11,3,10.5,NA,NA,NA,NA,0,NA
"Rht3",NA,34,11,4,NA,NA,NA,NA,NA,0,NA
"Rht3",NA,34,11,5,NA,NA,NA,NA,NA,0,NA
"Rht3","tagged_plants",34,11,6,10,NA,NA,NA,0.547,0,NA
"Rht3","tagged_plants",34,11,7,12,NA,NA,NA,NA,0,NA
"Rht3","tagged_plants",34,11,8,16,NA,NA,8.5,NA,0,NA
"Rht3","tagged_plants",34,11,9,21.1,1.8,NA,9.7,NA,NA,NA
"Rht3","tagged_plants",34,11,10,23.3,2.2,NA,11.8,NA,NA,NA
"Rht3","tagged_plants",34,11,11,18.1,2.5,NA,15.2,NA,NA,33.5
"Rht3","tagged_plants",35,11,1,8,NA,NA,NA,NA,0,NA
"Rht3","tagged_plants",35,11,2,12,NA,NA,NA,NA,0,NA
"Rht3","tagged_plants",35,11,3,11,NA,NA,NA,NA,0,NA
"Rht3",NA,35,11,4,NA,NA,NA,NA,NA,0,NA
"Rht3",NA,35,11,5,NA,NA,NA,NA,NA,0,NA
"Rht3","tagged_plants",35,11,6,11,NA,NA,NA,0.503,0,NA
"Rht3","tagged_plants",35,11,7,12.5,NA,NA,NA,NA,0,NA
"Rht3","tagged_plants",35,11,8,16.5,NA,NA,7.8,NA,0,NA
"Rht3","tagged_plants",35,11,9,18.4,1.8,NA,9.7,NA,NA,NA
"Rht3","tagged_plants",35,11,10,20.25,1.9,NA,10.8,NA,NA,NA
"Rht3","tagged_plants",35,11,11,15,2.3,NA,13.8,NA,NA,32.5
"Rht3","tagged_plants",36,12,1,6,NA,NA,NA,NA,0,NA
"Rht3",NA,36,12,2,NA,NA,NA,NA,NA,0,NA
"Rht3",NA,36,12,3,NA,NA,NA,NA,NA,0,NA
"Rht3",NA,36,12,4,NA,NA,NA,NA,NA,0,NA
"Rht3",NA,36,12,5,NA,NA,NA,NA,NA,0,NA
"Rht3",NA,36,12,6,NA,NA,NA,NA,0.457,0,NA
"Rht3","tagged_plants",36,12,7,11.5,NA,NA,NA,NA,0,NA
"Rht3","tagged_plants",36,12,8,15.5,NA,NA,7,NA,0,NA
"Rht3","tagged_plants",36,12,9,17.9,NA,NA,8.5,NA,NA,NA
"Rht3","tagged_plants",36,12,10,20.05,1.8,NA,9.5,NA,NA,NA
"Rht3",NA,36,12,11,NA,1.9,NA,10.5,NA,NA,NA
"Rht3",NA,36,12,12,NA,1.9,NA,12.5,NA,NA,32
"Tremie12",NA,1,12,6,NA,NA,NA,NA,0.5,NA,NA
"Tremie12","tagged_plants",1,12,8,17.25,NA,NA,10.2,NA,2,12.2
"Tremie12","tagged_plants",1,12,9,18.15,NA,NA,12.5,NA,3.8,18.3
"Tremie12","tagged_plants",1,12,10,23.7,NA,NA,13.5,NA,7.2,26.5
"Tremie12","tagged_plants",1,12,11,25.4,NA,NA,14.2,NA,14.4,41.6
"Tremie12","tagged_plants",1,12,12,16.7,NA,NA,16.5,NA,18.5,62.4
"Tremie12",NA,2,12,6,NA,NA,NA,NA,0.466,NA,NA
"Tremie12","tagged_plants",2,12,8,15.85,NA,NA,11,NA,0,11
"Tremie12","tagged_plants",2,12,9,18.9,NA,NA,12.5,NA,1,13.5
"Tremie12","tagged_plants",2,12,10,22.75,NA,NA,12,NA,6.5,19.5
"Tremie12","tagged_plants",2,12,11,24.5,NA,NA,15,NA,16.5,39
"Tremie12","tagged_plants",2,12,12,18.2,NA,NA,17,NA,19,60
"Tremie12",NA,3,12,6,NA,NA,NA,NA,0.506,NA,NA
"Tremie12","tagged_plants",3,12,8,17.95,NA,NA,11.2,NA,2.2,13.4
"Tremie12","tagged_plants",3,12,9,17.9,NA,NA,12.3,NA,4.8,19.3
"Tremie12","tagged_plants",3,12,10,24.4,NA,NA,13,NA,8.2,28.2
"Tremie12","tagged_plants",3,12,11,26.5,NA,NA,14.5,NA,14.9,44.6
"Tremie12","tagged_plants",3,12,12,17.1,NA,NA,16.4,NA,18.8,65.3
"Tremie12",NA,4,13,6,NA,NA,NA,NA,0.53,NA,NA
"Tremie12","tagged_plants",4,13,8,19.3,NA,NA,NA,NA,1,NA
"Tremie12","tagged_plants",4,13,9,19.7,NA,NA,13.3,NA,4.1,18.4
"Tremie12","tagged_plants",4,13,10,22.5,NA,NA,12,NA,8.2,25.3
"Tremie12","tagged_plants",4,13,11,23,NA,NA,13.4,NA,13.5,40.2
"Tremie12","tagged_plants",4,13,12,18.7,NA,NA,14.2,NA,16.7,57.7
"Tremie12","tagged_plants",4,13,13,11.5,NA,NA,15.5,NA,20.7,79.7
"Tremie12",NA,5,13,6,NA,NA,NA,NA,0.473,NA,NA
"Tremie12","tagged_plants",5,13,8,12.5,NA,NA,8.3,NA,0,8.3
"Tremie12","tagged_plants",5,13,9,17.25,NA,NA,10.5,NA,1.8,12.3
"Tremie12","tagged_plants",5,13,10,20,NA,NA,11.3,NA,4.2,17.3
"Tremie12","tagged_plants",5,13,11,21,NA,NA,12.8,NA,13,31.8
"Tremie12","tagged_plants",5,13,12,21.1,NA,NA,13.3,NA,14.2,46.5
"Tremie12","tagged_plants",5,13,13,13.5,NA,NA,14,NA,20,67.2
"Tremie12",NA,6,13,6,NA,NA,NA,NA,0.488,NA,NA
"Tremie12","tagged_plants",6,13,8,14,NA,NA,NA,NA,0,NA
"Tremie12","tagged_plants",6,13,9,18.55,NA,NA,12,NA,2,14
"Tremie12","tagged_plants",6,13,10,21.1666666666667,NA,NA,12,NA,3.2,17.2
"Tremie12","tagged_plants",6,13,11,23,NA,NA,13.8,NA,10.3,29.3
"Tremie12","tagged_plants",6,13,12,24.3,NA,NA,15.3,NA,14.7,45.5
"Tremie12","tagged_plants",6,13,13,15.3,NA,NA,16.5,NA,19,65.7
"Tremie12",NA,7,13,6,NA,NA,NA,NA,0.47,NA,NA
"Tremie12","tagged_plants",7,13,8,15.4,NA,NA,NA,NA,NA,NA
"Tremie12","tagged_plants",7,13,9,18.15,NA,NA,12.5,NA,3.6,16.1
"Tremie12","tagged_plants",7,13,10,20.4333333333333,NA,NA,10.7,NA,4.9,19.2
"Tremie12","tagged_plants",7,13,11,23.75,NA,NA,13.5,NA,12.2,34.2
"Tremie12","tagged_plants",7,13,12,22,NA,NA,14,NA,15.1,49.8
"Tremie12","tagged_plants",7,13,13,14.2,NA,NA,15.7,NA,18.6,70.1
"Tremie12",NA,8,12,6,NA,NA,NA,NA,0.54,NA,NA
"Tremie12","tagged_plants",8,12,8,15.5,NA,NA,10.7,NA,2,12.7
"Tremie12","tagged_plants",8,12,9,19.1,NA,NA,12.8,NA,4.8,19.6
"Tremie12","tagged_plants",8,12,10,22.75,NA,NA,14.5,NA,11,32.3
"Tremie12","tagged_plants",8,12,11,24.8,NA,NA,13.7,NA,14.4,45.9
"Tremie12","tagged_plants",8,12,12,13.2,NA,NA,13.2,NA,18.3,63.7
"Tremie12",NA,9,13,6,NA,NA,NA,NA,0.398,NA,NA
"Tremie12","tagged_plants",9,13,8,12.6,NA,NA,8.5,NA,0,8.5
"Tremie12","tagged_plants",9,13,9,14.5,NA,NA,9.8,NA,3,12.8
"Tremie12","tagged_plants",9,13,10,16.15,NA,NA,11,NA,9.5,23.5
"Tremie12","tagged_plants",9,13,11,15.7,NA,NA,11.2,NA,13.2,36.9
"Tremie12","tagged_plants",9,13,12,12.5,NA,NA,11.6,NA,15,52.3
"Tremie12","tagged_plants",9,13,13,7.5,NA,NA,12,NA,19.7,72.4
"Tremie12",NA,10,13,6,NA,NA,NA,NA,0.45,NA,NA
"Tremie12","tagged_plants",10,13,8,15.5,NA,NA,9,NA,1,10
"Tremie12","tagged_plants",10,13,9,18.15,NA,NA,12,NA,3.3,16.3
"Tremie12","tagged_plants",10,13,10,21.9,NA,NA,12.3,NA,8.8,25.4
"Tremie12","tagged_plants",10,13,11,21.5,NA,NA,12.1,NA,13,38.2
"Tremie12","tagged_plants",10,13,12,17.5,NA,NA,12.5,NA,15.5,54.1
"Tremie12","tagged_plants",10,13,13,9.5,NA,NA,13.1,NA,20.8,75.5
"Tremie12",NA,11,13,6,NA,NA,NA,NA,0.56,NA,NA
"Tremie12","tagged_plants",11,13,8,16,NA,NA,8.5,NA,1.7,10.2
"Tremie12","tagged_plants",11,13,9,17.9,NA,NA,11.8,NA,3.8,17.3
"Tremie12","tagged_plants",11,13,10,20.2666666666667,NA,NA,12.7,NA,5,23.2
"Tremie12","tagged_plants",11,13,11,22.75,NA,NA,13.8,NA,9.3,33.6
"Tremie12","tagged_plants",11,13,12,20.2,NA,NA,13.2,NA,15,48
"Tremie12","tagged_plants",11,13,13,11.5,NA,NA,14.4,NA,19.2,68.4
"Tremie12",NA,12,12,6,NA,NA,NA,NA,0.493,NA,NA
"Tremie12","tagged_plants",12,12,8,18.3,NA,NA,13,NA,2.8,15.8
"Tremie12","tagged_plants",12,12,9,19.75,NA,NA,13.8,NA,5.3,21.9
"Tremie12","tagged_plants",12,12,10,25.5,NA,NA,13.2,NA,8,29.3
"Tremie12","tagged_plants",12,12,11,24.1,NA,NA,13.5,NA,14.5,44.1
"Tremie12","tagged_plants",12,12,12,14.6,NA,NA,15.6,NA,19.2,65.4
"Tremie12",NA,13,12,6,NA,NA,NA,NA,0.43,NA,NA
"Tremie12","tagged_plants",13,12,8,17.65,NA,NA,NA,NA,2,NA
"Tremie12","tagged_plants",13,12,9,18.5,NA,NA,11.2,NA,2.8,16
"Tremie12","tagged_plants",13,12,10,20.35,NA,NA,12.1,NA,8.1,25
"Tremie12","tagged_plants",13,12,11,19.2,NA,NA,12.8,NA,13.4,39.1
"Tremie12","tagged_plants",13,12,12,14.8,NA,NA,14.5,NA,17,57.8
"Tremie12",NA,14,12,6,NA,NA,NA,NA,0.468,NA,NA
"Tremie12","tagged_plants",14,12,8,16.2,NA,NA,NA,NA,0,NA
"Tremie12","tagged_plants",14,12,9,19,NA,NA,13.7,NA,4.2,17.9
"Tremie12","tagged_plants",14,12,10,23.75,NA,NA,11.8,NA,6.2,22.2
"Tremie12","tagged_plants",14,12,11,24.8,NA,NA,14.7,NA,14,39.1
"Tremie12","tagged_plants",14,12,12,17,NA,NA,15.8,NA,17,57.2
"Tremie12",NA,15,12,6,NA,NA,NA,NA,0.572,NA,NA
"Tremie12","tagged_plants",15,12,8,17.5,NA,NA,9.6,NA,2.6,12.2
"Tremie12","tagged_plants",15,12,9,19.05,NA,NA,12.8,NA,3.6,19
"Tremie12","tagged_plants",15,12,10,23.8333333333333,NA,NA,12.2,NA,6,24.4
"Tremie12","tagged_plants",15,12,11,27.85,NA,NA,15.7,NA,12,39.9
"Tremie12","tagged_plants",15,12,12,20,NA,NA,16.4,NA,18.5,59.1
"Tremie12",NA,16,12,6,NA,NA,NA,NA,0.528,NA,NA
"Tremie12","tagged_plants",16,12,8,17.8,NA,NA,NA,NA,1.6,NA
"Tremie12","tagged_plants",16,12,9,19.5,NA,NA,13.2,NA,3.8,18.6
"Tremie12","tagged_plants",16,12,10,25.25,NA,NA,12.6,NA,7.2,25.2
"Tremie12","tagged_plants",16,12,11,23.8,NA,NA,13.4,NA,13.8,39.8
"Tremie12","tagged_plants",16,12,12,15,NA,NA,15.3,NA,19.2,60.9
"Tremie12",NA,17,13,6,NA,NA,NA,NA,0.532,NA,NA
"Tremie12","tagged_plants",17,13,8,14.5,NA,NA,NA,NA,0,NA
"Tremie12","tagged_plants",17,13,9,16.5,NA,NA,NA,NA,1.1,NA
"Tremie12","tagged_plants",17,13,10,21.4,NA,NA,11.4,NA,1.7,14.2
"Tremie12","tagged_plants",17,13,11,22.75,NA,NA,12.5,NA,8,23.3
"Tremie12","tagged_plants",17,13,12,20.2,NA,NA,14,NA,16.1,40.9
"Tremie12","tagged_plants",17,13,13,13.5,NA,NA,16,NA,19.4,62.3
"Tremie12",NA,18,13,6,NA,NA,NA,NA,0.486,NA,NA
"Tremie12","tagged_plants",18,13,8,13,NA,NA,NA,NA,NA,NA
"Tremie12","tagged_plants",18,13,9,13.5,NA,NA,NA,NA,1.5,NA
"Tremie12","tagged_plants",18,13,10,17.3666666666667,NA,NA,10.3,NA,2,13.8
"Tremie12","tagged_plants",18,13,11,19.7,NA,NA,11.8,NA,6.9,22.2
"Tremie12","tagged_plants",18,13,12,23,NA,NA,13,NA,12,35.4
"Tremie12",NA,18,13,13,NA,NA,NA,15.3,NA,18.2,55.9
"Tremie12",NA,19,13,6,NA,NA,NA,NA,0.48,NA,NA
"Tremie12","tagged_plants",19,13,8,14.8,NA,NA,NA,NA,1,NA
"Tremie12","tagged_plants",19,13,9,17.75,NA,NA,13.8,NA,2,16.8
"Tremie12","tagged_plants",19,13,10,21,NA,NA,11.8,NA,3.7,18.5
"Tremie12","tagged_plants",19,13,11,20,NA,NA,12.6,NA,13.7,33
"Tremie12","tagged_plants",19,13,12,17.1,NA,NA,14,NA,16.2,50.6
"Tremie12","tagged_plants",19,13,13,10.9,NA,NA,15.3,NA,20,71.9
"Tremie12",NA,20,12,6,NA,NA,NA,NA,0.569,NA,NA
"Tremie12","tagged_plants",20,12,8,17,NA,NA,9,NA,1,10
"Tremie12","tagged_plants",20,12,9,19.4,NA,NA,13,NA,3,17
"Tremie12","tagged_plants",20,12,10,23.8333333333333,NA,NA,13.7,NA,6.7,24.4
"Tremie12","tagged_plants",20,12,11,27.2,NA,NA,15.2,NA,14.4,40.3
"Tremie12","tagged_plants",20,12,12,17.5,NA,NA,16.4,NA,18.8,60.3
"Tremie12",NA,21,13,6,NA,NA,NA,NA,0.523,NA,NA
"Tremie12","tagged_plants",21,13,8,16,NA,NA,NA,NA,1.3,NA
"Tremie12","tagged_plants",21,13,9,19.35,NA,NA,13.6,NA,2.8,17.7
"Tremie12","tagged_plants",21,13,10,24.15,NA,NA,10.8,NA,4,18.9
"Tremie12","tagged_plants",21,13,11,22.75,NA,NA,14,NA,12.2,34.3
"Tremie12","tagged_plants",21,13,12,21.1,NA,NA,14.2,NA,15.7,50.2
"Tremie12","tagged_plants",21,13,13,13.5,NA,NA,16.2,NA,19.2,71.4
"Tremie12",NA,22,13,6,NA,NA,NA,NA,0.508,NA,NA
"Tremie12","tagged_plants",22,13,8,14.75,NA,NA,NA,NA,NA,NA
"Tremie12","tagged_plants",22,13,9,18.05,NA,NA,13.5,NA,NA,13.5
"Tremie12","tagged_plants",22,13,10,25.4,NA,NA,12.2,NA,5.4,17.6
"Tremie12","tagged_plants",22,13,11,24.6,NA,NA,15.1,NA,10.4,30.9
"Tremie12","tagged_plants",22,13,12,23.5,NA,NA,15.5,NA,16,47.3
"Tremie12","tagged_plants",22,13,13,14,NA,NA,16.8,NA,18,66.6
"Tremie12",NA,23,12,6,NA,NA,NA,NA,0.605,NA,NA
"Tremie12","tagged_plants",23,12,8,18.8,NA,NA,10.5,NA,1.8,12.3
"Tremie12","tagged_plants",23,12,9,19.55,NA,NA,13.3,NA,3.4,18.5
"Tremie12","tagged_plants",23,12,10,26.4666666666667,NA,NA,12.2,NA,5.3,22.7
"Tremie12","tagged_plants",23,12,11,27.4,NA,NA,15.7,NA,14,40.2
"Tremie12","tagged_plants",23,12,12,19.5,NA,NA,17.5,NA,18.7,60.7
"Tremie12",NA,24,13,6,NA,NA,NA,NA,0.531,NA,NA
"Tremie12","tagged_plants",24,13,8,16,NA,NA,10,NA,1.4,11.4
"Tremie12","tagged_plants",24,13,9,16.35,NA,NA,10.8,NA,2.3,14.5
"Tremie12","tagged_plants",24,13,10,20.3333333333333,NA,NA,11,NA,2.6,17.3
"Tremie12","tagged_plants",24,13,11,22.05,NA,NA,13,NA,8.3,27.6
"Tremie12","tagged_plants",24,13,12,23.9,NA,NA,13.8,NA,14.7,43.1
"Tremie12","tagged_plants",24,13,13,14.3,NA,NA,16,NA,19.2,64.5
"Tremie12",NA,25,13,6,NA,NA,NA,NA,0.526,NA,NA
"Tremie12","tagged_plants",25,13,8,15,NA,NA,NA,NA,1.5,NA
"Tremie12","tagged_plants",25,13,9,16.55,NA,NA,11.2,NA,2.8,15.5
"Tremie12","tagged_plants",25,13,10,23.25,NA,NA,12.1,NA,3.2,19.6
"Tremie12","tagged_plants",25,13,11,23,NA,NA,14.1,NA,12.3,33.9
"Tremie12","tagged_plants",25,13,12,19,NA,NA,15.8,NA,17.5,53.1
"Tremie12","tagged_plants",25,13,13,9.5,NA,NA,14.8,NA,24.2,76.3
"Tremie12",NA,26,13,6,NA,NA,NA,NA,0.449,NA,NA
"Tremie12","tagged_plants",26,13,8,11.1,NA,NA,6.8,NA,0,6.8
"Tremie12","tagged_plants",26,13,9,17.2,NA,NA,9.7,NA,0,9.7
"Tremie12","tagged_plants",26,13,10,18.9,NA,NA,10.2,NA,2,12.2
"Tremie12","tagged_plants",26,13,11,20,NA,NA,11.8,NA,10.8,24.6
"Tremie12","tagged_plants",26,13,12,21.5,NA,NA,13.5,NA,13.6,39.9
"Tremie12","tagged_plants",26,13,13,13.5,NA,NA,15.2,NA,19.8,61.4
"Tremie12",NA,27,13,6,NA,NA,NA,NA,0.55,NA,NA
"Tremie12","tagged_plants",27,13,8,17,NA,NA,NA,NA,1.8,NA
"Tremie12","tagged_plants",27,13,9,21.25,NA,NA,NA,NA,3.5,NA
"Tremie12","tagged_plants",27,13,10,24.25,NA,NA,13.2,NA,6.6,25.1
"Tremie12","tagged_plants",27,13,11,23.5,NA,NA,13.5,NA,12.5,37.9
"Tremie12","tagged_plants",27,13,12,19.2,NA,NA,14.5,NA,16.2,55.1
"Tremie12","tagged_plants",27,13,13,12.2,NA,NA,16,NA,20.5,77.1
"Tremie12",NA,28,13,6,NA,NA,NA,NA,0.557,NA,NA
"Tremie12","tagged_plants",28,13,8,14.55,NA,NA,9.2,NA,0.7,9.9
"Tremie12","tagged_plants",28,13,9,16.7,NA,NA,12.2,NA,2.7,15.6
"Tremie12","tagged_plants",28,13,10,23.5,NA,NA,12.1,NA,7,22.5
"Tremie12","tagged_plants",28,13,11,24,NA,NA,14.8,NA,10.2,35.4
"Tremie12","tagged_plants",28,13,12,21.5,NA,NA,15.3,NA,15,50.9
"Tremie12","tagged_plants",28,13,13,13.2,NA,NA,17,NA,21,73.6
"Tremie12",NA,29,13,6,NA,NA,NA,NA,0.495,NA,NA
"Tremie12","tagged_plants",29,13,8,15.5,NA,NA,8.7,NA,1.8,10.5
"Tremie12","tagged_plants",29,13,9,19.25,NA,NA,9.6,NA,2.1,13.5
"Tremie12","tagged_plants",29,13,10,20.1,NA,NA,11.1,NA,6.2,21.2
"Tremie12","tagged_plants",29,13,11,22,NA,NA,12.3,NA,11.7,34.1
"Tremie12","tagged_plants",29,13,12,18.6,NA,NA,13.5,NA,15.8,51.1
"Tremie12","tagged_plants",29,13,13,18.2,NA,NA,15,NA,20,72.6
"Tremie12",NA,30,13,6,NA,NA,NA,NA,0.476,NA,NA
"Tremie12","tagged_plants",30,13,8,14.2,NA,NA,8.8,NA,0,8.8
"Tremie12","tagged_plants",30,13,9,17.3,NA,NA,12.2,NA,3,15.2
"Tremie12","tagged_plants",30,13,10,21.8333333333333,NA,NA,11.5,NA,5.6,20.1
"Tremie12","tagged_plants",30,13,11,23.45,NA,NA,13.2,NA,10.8,32.6
"Tremie12","tagged_plants",30,13,12,20,NA,NA,14,NA,14.7,48.1
"Tremie12","tagged_plants",30,13,13,12.2,NA,NA,15.5,NA,19.5,69.1
"Tremie13","tagged_plants",1,12,2,8.2,NA,NA,NA,NA,NA,NA
"Tremie13","tagged_plants",1,12,6,10.45,NA,NA,NA,NA,NA,NA
"Tremie13","tagged_plants",1,12,7,12.9,NA,NA,NA,NA,NA,NA
"Tremie13","tagged_plants",1,12,8,16.5333333333333,NA,NA,NA,NA,NA,NA
"Tremie13","tagged_plants",1,12,9,21.15,NA,NA,NA,NA,NA,NA
"Tremie13","tagged_plants",1,12,10,24.1,NA,NA,NA,NA,NA,NA
"Tremie13","tagged_plants",1,12,11,19.8,NA,NA,NA,NA,NA,NA
"Tremie13","tagged_plants",1,12,12,10.9,NA,NA,NA,NA,NA,NA
"Tremie13","tagged_plants",2,11,2,8,NA,NA,NA,NA,NA,NA
"Tremie13","tagged_plants",2,11,3,9.6,NA,NA,NA,NA,NA,NA
"Tremie13","tagged_plants",2,11,4,9.8,NA,NA,NA,NA,NA,NA
"Tremie13","tagged_plants",2,11,6,11.75,NA,NA,NA,NA,NA,NA
"Tremie13","tagged_plants",2,11,7,14.8,NA,NA,NA,NA,NA,NA
"Tremie13","tagged_plants",2,11,8,18.8333333333333,NA,NA,NA,NA,NA,NA
"Tremie13","tagged_plants",2,11,9,24.3,NA,NA,NA,NA,NA,NA
"Tremie13","tagged_plants",2,11,10,25.7,NA,NA,NA,NA,NA,NA
"Tremie13","tagged_plants",2,11,11,16.6,NA,NA,NA,NA,NA,NA
"Tremie13","tagged_plants",3,11,1,6.7,NA,NA,NA,NA,NA,NA
"Tremie13","tagged_plants",3,11,2,7.8,NA,NA,NA,NA,NA,NA
"Tremie13","tagged_plants",3,11,4,10.1,NA,NA,NA,NA,NA,NA
"Tremie13","tagged_plants",3,11,6,10.85,NA,NA,NA,NA,NA,NA
"Tremie13","tagged_plants",3,11,7,14.65,NA,NA,NA,NA,NA,NA
"Tremie13","tagged_plants",3,11,8,17.5666666666667,NA,NA,NA,NA,NA,NA
"Tremie13","tagged_plants",3,11,9,22.45,NA,NA,NA,NA,NA,NA
"Tremie13","tagged_plants",3,11,10,26.4,NA,NA,NA,NA,NA,NA
"Tremie13","tagged_plants",3,11,11,15.85,NA,NA,NA,NA,NA,NA
"Tremie13","tagged_plants",4,11,1,5.5,NA,NA,NA,NA,NA,NA
"Tremie13","tagged_plants",4,11,2,7,NA,NA,NA,NA,NA,NA
"Tremie13","tagged_plants",4,11,3,8.1,NA,NA,NA,NA,NA,NA
"Tremie13","tagged_plants",4,11,6,11,NA,NA,NA,NA,NA,NA
"Tremie13","tagged_plants",4,11,7,13.4,NA,NA,NA,NA,NA,NA
"Tremie13","tagged_plants",4,11,8,17.9,NA,NA,NA,NA,NA,NA
"Tremie13","tagged_plants",4,11,9,23.05,NA,NA,NA,NA,NA,NA
"Tremie13","tagged_plants",4,11,10,21.7,NA,NA,NA,NA,NA,NA
"Tremie13","tagged_plants",4,11,11,13.95,NA,NA,NA,NA,NA,NA
"Tremie13","tagged_plants",5,11,2,6,NA,NA,NA,NA,NA,NA
"Tremie13","tagged_plants",5,11,3,8,NA,NA,NA,NA,NA,NA
"Tremie13","tagged_plants",5,11,4,8.7,NA,NA,NA,NA,NA,NA
"Tremie13","tagged_plants",5,11,6,10.65,NA,NA,NA,NA,NA,NA
"Tremie13","tagged_plants",5,11,7,13.65,NA,NA,NA,NA,NA,NA
"Tremie13","tagged_plants",5,11,8,18.25,NA,NA,NA,NA,NA,NA
"Tremie13","tagged_plants",5,11,9,22.5,NA,NA,NA,NA,NA,NA
"Tremie13","tagged_plants",5,11,10,20.4,NA,NA,NA,NA,NA,NA
"Tremie13","tagged_plants",5,11,11,11.5,NA,NA,NA,NA,NA,NA
"Tremie13","tagged_plants",6,11,1,4.5,NA,NA,NA,NA,NA,NA
"Tremie13","tagged_plants",6,11,2,6,NA,NA,NA,NA,NA,NA
"Tremie13","tagged_plants",6,11,3,7.5,NA,NA,NA,NA,NA,NA
"Tremie13","tagged_plants",6,11,4,8.7,NA,NA,NA,NA,NA,NA
"Tremie13","tagged_plants",6,11,6,10.4,NA,NA,NA,NA,NA,NA
"Tremie13","tagged_plants",6,11,7,12.85,NA,NA,NA,NA,NA,NA
"Tremie13","tagged_plants",6,11,8,17.4,NA,NA,NA,NA,NA,NA
"Tremie13","tagged_plants",6,11,9,21.9,NA,NA,NA,NA,NA,NA
"Tremie13","tagged_plants",6,11,10,21.4,NA,NA,NA,NA,NA,NA
"Tremie13","tagged_plants",6,11,11,13.3,NA,NA,NA,NA,NA,NA
"Tremie13","tagged_plants",7,12,2,8,NA,NA,NA,NA,NA,NA
"Tremie13","tagged_plants",7,12,7,12.35,NA,NA,NA,NA,NA,NA
"Tremie13","tagged_plants",7,12,8,14.8333333333333,NA,NA,NA,NA,NA,NA
"Tremie13","tagged_plants",7,12,9,19.25,NA,NA,NA,NA,NA,NA
"Tremie13","tagged_plants",7,12,10,22.1,NA,NA,NA,NA,NA,NA
"Tremie13","tagged_plants",7,12,11,21.2,NA,NA,NA,NA,NA,NA
"Tremie13","tagged_plants",7,12,12,13.15,NA,NA,NA,NA,NA,NA
"Tremie13","tagged_plants",8,12,4,8.4,NA,NA,NA,NA,NA,NA
"Tremie13","tagged_plants",8,12,6,9.25,NA,NA,NA,NA,NA,NA
"Tremie13","tagged_plants",8,12,7,10.25,NA,NA,NA,NA,NA,NA
"Tremie13","tagged_plants",8,12,8,12.8333333333333,NA,NA,NA,NA,NA,NA
"Tremie13","tagged_plants",8,12,9,18.6,NA,NA,NA,NA,NA,NA
"Tremie13","tagged_plants",8,12,10,22,NA,NA,NA,NA,NA,NA
"Tremie13","tagged_plants",8,12,11,19.4,NA,NA,NA,NA,NA,NA
"Tremie13","tagged_plants",8,12,12,12.25,NA,NA,NA,NA,NA,NA
"Tremie13","tagged_plants",9,11,1,5.5,NA,NA,NA,NA,NA,NA
"Tremie13","tagged_plants",9,11,2,6.6,NA,NA,NA,NA,NA,NA
"Tremie13","tagged_plants",9,11,3,8.2,NA,NA,NA,NA,NA,NA
"Tremie13","tagged_plants",9,11,6,10,NA,NA,NA,NA,NA,NA
"Tremie13","tagged_plants",9,11,7,11.75,NA,NA,NA,NA,NA,NA
"Tremie13","tagged_plants",9,11,8,14.5333333333333,NA,NA,NA,NA,NA,NA
"Tremie13","tagged_plants",9,11,9,21.7,NA,NA,NA,NA,NA,NA
"Tremie13","tagged_plants",9,11,10,25.1,NA,NA,NA,NA,NA,NA
"Tremie13","tagged_plants",9,11,11,17.9,NA,NA,NA,NA,NA,NA
"Tremie13","tagged_plants",10,12,2,8,NA,NA,NA,NA,NA,NA
"Tremie13","tagged_plants",10,12,3,9.4,NA,NA,NA,NA,NA,NA
"Tremie13","tagged_plants",10,12,6,8.4,NA,NA,NA,NA,NA,NA
"Tremie13","tagged_plants",10,12,7,12.1,NA,NA,NA,NA,NA,NA
"Tremie13","tagged_plants",10,12,8,15.1333333333333,NA,NA,NA,NA,NA,NA
"Tremie13","tagged_plants",10,12,9,19.5,NA,NA,NA,NA,NA,NA
"Tremie13","tagged_plants",10,12,10,22,NA,NA,NA,NA,NA,NA
"Tremie13","tagged_plants",10,12,11,21.6,NA,NA,NA,NA,NA,NA
"Tremie13","tagged_plants",10,12,12,12.6,NA,NA,NA,NA,NA,NA
"Tremie13","tagged_plants",11,11,1,7,NA,NA,NA,NA,NA,NA
"Tremie13","tagged_plants",11,11,2,7.8,NA,NA,NA,NA,NA,NA
"Tremie13","tagged_plants",11,11,3,10.7,NA,NA,NA,NA,NA,NA
"Tremie13","tagged_plants",11,11,6,11.65,NA,NA,NA,NA,NA,NA
"Tremie13","tagged_plants",11,11,7,13.1,NA,NA,NA,NA,NA,NA
"Tremie13","tagged_plants",11,11,8,17.1666666666667,NA,NA,NA,NA,NA,NA
"Tremie13","tagged_plants",11,11,9,22.1,NA,NA,NA,NA,NA,NA
"Tremie13","tagged_plants",11,11,10,24,NA,NA,NA,NA,NA,NA
"Tremie13","tagged_plants",11,11,11,14.55,NA,NA,NA,NA,NA,NA
"Tremie13","tagged_plants",12,12,1,5.3,NA,NA,NA,NA,NA,NA
"Tremie13","tagged_plants",12,12,2,6.6,NA,NA,NA,NA,NA,NA
"Tremie13","tagged_plants",12,12,3,8,NA,NA,NA,NA,NA,NA
"Tremie13","tagged_plants",12,12,4,8,NA,NA,NA,NA,NA,NA
"Tremie13","tagged_plants",12,12,6,9.1,NA,NA,NA,NA,NA,NA
"Tremie13","tagged_plants",12,12,7,11.1,NA,NA,NA,NA,NA,NA
"Tremie13","tagged_plants",12,12,8,14.2666666666667,NA,NA,NA,NA,NA,NA
"Tremie13","tagged_plants",12,12,9,19.55,NA,NA,NA,NA,NA,NA
"Tremie13","tagged_plants",12,12,10,23.3,NA,NA,NA,NA,NA,NA
"Tremie13","tagged_plants",12,12,11,20.9,NA,NA,NA,NA,NA,NA
"Tremie13","tagged_plants",12,12,12,12.5,NA,NA,NA,NA,NA,NA
"Tremie13","tagged_plants",13,11,1,6.6,NA,NA,NA,NA,NA,NA
"Tremie13","tagged_plants",13,11,2,7.4,NA,NA,NA,NA,NA,NA
"Tremie13","tagged_plants",13,11,4,9.5,NA,NA,NA,NA,NA,NA
"Tremie13","tagged_plants",13,11,6,11.2,NA,NA,NA,NA,NA,NA
"Tremie13","tagged_plants",13,11,7,13.15,NA,NA,NA,NA,NA,NA
"Tremie13","tagged_plants",13,11,8,17.1333333333333,NA,NA,NA,NA,NA,NA
"Tremie13","tagged_plants",13,11,9,22.5,NA,NA,NA,NA,NA,NA
"Tremie13","tagged_plants",13,11,10,25.7,NA,NA,NA,NA,NA,NA
"Tremie13","tagged_plants",13,11,11,15.45,NA,NA,NA,NA,NA,NA
"Tremie13","tagged_plants",14,11,1,7,NA,NA,NA,NA,NA,NA
"Tremie13","tagged_plants",14,11,2,8.5,NA,NA,NA,NA,NA,NA
"Tremie13","tagged_plants",14,11,3,9.3,NA,NA,NA,NA,NA,NA
"Tremie13","tagged_plants",14,11,4,10.3,NA,NA,NA,NA,NA,NA
"Tremie13","tagged_plants",14,11,6,11.5,NA,NA,NA,NA,NA,NA
"Tremie13","tagged_plants",14,11,7,13,NA,NA,NA,NA,NA,NA
"Tremie13","tagged_plants",14,11,8,16.5666666666667,NA,NA,NA,NA,NA,NA
"Tremie13","tagged_plants",14,11,9,23.1,NA,NA,NA,NA,NA,NA
"Tremie13","tagged_plants",14,11,10,23.7,NA,NA,NA,NA,NA,NA
"Tremie13","tagged_plants",14,11,11,14.35,NA,NA,NA,NA,NA,NA
"Tremie13","tagged_plants",15,12,1,7,NA,NA,NA,NA,NA,NA
"Tremie13","tagged_plants",15,12,2,8.2,NA,NA,NA,NA,NA,NA
"Tremie13","tagged_plants",15,12,3,9.4,NA,NA,NA,NA,NA,NA
"Tremie13","tagged_plants",15,12,4,9.4,NA,NA,NA,NA,NA,NA
"Tremie13","tagged_plants",15,12,6,10.35,NA,NA,NA,NA,NA,NA
"Tremie13","tagged_plants",15,12,7,12.55,NA,NA,NA,NA,NA,NA
"Tremie13","tagged_plants",15,12,8,16.3333333333333,NA,NA,NA,NA,NA,NA
"Tremie13","tagged_plants",15,12,9,21.1,NA,NA,NA,NA,NA,NA
"Tremie13","tagged_plants",15,12,10,22.6,NA,NA,NA,NA,NA,NA
"Tremie13","tagged_plants",15,12,11,20.5,NA,NA,NA,NA,NA,NA
"Tremie13","tagged_plants",15,12,12,11.65,NA,NA,NA,NA,NA,NA
"Tremie13","tagged_plants",16,11,1,7.7,NA,NA,NA,NA,NA,NA
"Tremie13","tagged_plants",16,11,2,9,NA,NA,NA,NA,NA,NA
"Tremie13","tagged_plants",16,11,4,11.3,NA,NA,NA,NA,NA,NA
"Tremie13","tagged_plants",16,11,6,11.5,NA,NA,NA,NA,NA,NA
"Tremie13","tagged_plants",16,11,7,15.4,NA,NA,NA,NA,NA,NA
"Tremie13","tagged_plants",16,11,8,18.5666666666667,NA,NA,NA,NA,NA,NA
"Tremie13","tagged_plants",16,11,9,22.25,NA,NA,NA,NA,NA,NA
"Tremie13","tagged_plants",16,11,10,23.3,NA,NA,NA,NA,NA,NA
"Tremie13","tagged_plants",16,11,11,12.65,NA,NA,NA,NA,NA,NA
"Tremie13","tagged_plants",17,11,3,8.2,NA,NA,NA,NA,NA,NA
"Tremie13","tagged_plants",17,11,4,7.8,NA,NA,NA,NA,NA,NA
"Tremie13","tagged_plants",17,11,6,9,NA,NA,NA,NA,NA,NA
"Tremie13","tagged_plants",17,11,7,12.15,NA,NA,NA,NA,NA,NA
"Tremie13","tagged_plants",17,11,8,15.6666666666667,NA,NA,NA,NA,NA,NA
"Tremie13","tagged_plants",17,11,9,22,NA,NA,NA,NA,NA,NA
"Tremie13","tagged_plants",17,11,10,24,NA,NA,NA,NA,NA,NA
"Tremie13","tagged_plants",17,11,11,14.9,NA,NA,NA,NA,NA,NA
"Tremie13","tagged_plants",18,12,1,4,NA,NA,NA,NA,NA,NA
"Tremie13","tagged_plants",18,12,2,5,NA,NA,NA,NA,NA,NA
"Tremie13","tagged_plants",18,12,3,6.5,NA,NA,NA,NA,NA,NA
"Tremie13","tagged_plants",18,12,4,8.1,NA,NA,NA,NA,NA,NA
"Tremie13","tagged_plants",18,12,6,8.8,NA,NA,NA,NA,NA,NA
"Tremie13","tagged_plants",18,12,7,9.75,NA,NA,NA,NA,NA,NA
"Tremie13","tagged_plants",18,12,8,13.2333333333333,NA,NA,NA,NA,NA,NA
"Tremie13","tagged_plants",18,12,9,19.1,NA,NA,NA,NA,NA,NA
"Tremie13","tagged_plants",18,12,10,21.8,NA,NA,NA,NA,NA,NA
"Tremie13","tagged_plants",18,12,11,18.4,NA,NA,NA,NA,NA,NA
"Tremie13","tagged_plants",18,12,12,10.5,NA,NA,NA,NA,NA,NA
"Tremie13","tagged_plants",19,11,2,8.7,NA,NA,NA,NA,NA,NA
"Tremie13","tagged_plants",19,11,3,9.6,NA,NA,NA,NA,NA,NA
"Tremie13","tagged_plants",19,11,6,11.65,NA,NA,NA,NA,NA,NA
"Tremie13","tagged_plants",19,11,7,14.25,NA,NA,NA,NA,NA,NA
"Tremie13","tagged_plants",19,11,8,16.6666666666667,NA,NA,NA,NA,NA,NA
"Tremie13","tagged_plants",19,11,9,20.9,NA,NA,NA,NA,NA,NA
"Tremie13","tagged_plants",19,11,10,23.5,NA,NA,NA,NA,NA,NA
"Tremie13","tagged_plants",19,11,11,12.6,NA,NA,NA,NA,NA,NA
"Tremie13","tagged_plants",20,12,1,6.5,NA,NA,NA,NA,NA,NA
"Tremie13","tagged_plants",20,12,2,8.2,NA,NA,NA,NA,NA,NA
"Tremie13","tagged_plants",20,12,6,10.2,NA,NA,NA,NA,NA,NA
"Tremie13","tagged_plants",20,12,7,11.5,NA,NA,NA,NA,NA,NA
"Tremie13","tagged_plants",20,12,8,14.2666666666667,NA,NA,NA,NA,NA,NA
"Tremie13","tagged_plants",20,12,9,20.4,NA,NA,NA,NA,NA,NA
"Tremie13","tagged_plants",20,12,10,20.8,NA,NA,NA,NA,NA,NA
"Tremie13","tagged_plants",20,12,11,19.5,NA,NA,NA,NA,NA,NA
"Tremie13","tagged_plants",20,12,12,11.2,NA,NA,NA,NA,NA,NA
"Tremie13","tagged_plants",21,11,1,6.7,NA,NA,NA,NA,NA,NA
"Tremie13","tagged_plants",21,11,2,8,NA,NA,NA,NA,NA,NA
"Tremie13","tagged_plants",21,11,3,9.5,NA,NA,NA,NA,NA,NA
"Tremie13","tagged_plants",21,11,6,10.8,NA,NA,NA,NA,NA,NA
"Tremie13","tagged_plants",21,11,7,13.7,NA,NA,NA,NA,NA,NA
"Tremie13","tagged_plants",21,11,8,17.5,NA,NA,NA,NA,NA,NA
"Tremie13","tagged_plants",21,11,9,22.45,NA,NA,NA,NA,NA,NA
"Tremie13","tagged_plants",21,11,10,23.5,NA,NA,NA,NA,NA,NA
"Tremie13","tagged_plants",21,11,11,13.2,NA,NA,NA,NA,NA,NA
"Tremie13","tagged_plants",22,12,3,8.5,NA,NA,NA,NA,NA,NA
"Tremie13","tagged_plants",22,12,4,8.9,NA,NA,NA,NA,NA,NA
"Tremie13","tagged_plants",22,12,6,10.2,NA,NA,NA,NA,NA,NA
"Tremie13","tagged_plants",22,12,7,12.35,NA,NA,NA,NA,NA,NA
"Tremie13","tagged_plants",22,12,8,16.2,NA,NA,NA,NA,NA,NA
"Tremie13","tagged_plants",22,12,9,20.65,NA,NA,NA,NA,NA,NA
"Tremie13","tagged_plants",22,12,10,23.8,NA,NA,NA,NA,NA,NA
"Tremie13","tagged_plants",22,12,11,19.9,NA,NA,NA,NA,NA,NA
"Tremie13","tagged_plants",22,12,12,11.65,NA,NA,NA,NA,NA,NA
"Tremie13","tagged_plants",23,11,2,8,NA,NA,NA,NA,NA,NA
"Tremie13","tagged_plants",23,11,4,10,NA,NA,NA,NA,NA,NA
"Tremie13","tagged_plants",23,11,6,10.3,NA,NA,NA,NA,NA,NA
"Tremie13","tagged_plants",23,11,7,12.35,NA,NA,NA,NA,NA,NA
"Tremie13","tagged_plants",23,11,8,18.05,NA,NA,NA,NA,NA,NA
"Tremie13","tagged_plants",23,11,9,21.75,NA,NA,NA,NA,NA,NA
"Tremie13","tagged_plants",23,11,10,23.2,NA,NA,NA,NA,NA,NA
"Tremie13","tagged_plants",23,11,11,15.75,NA,NA,NA,NA,NA,NA
"Tremie13","tagged_plants",24,12,3,9.8,NA,NA,NA,NA,NA,NA
"Tremie13","tagged_plants",24,12,7,11.65,NA,NA,NA,NA,NA,NA
"Tremie13","tagged_plants",24,12,8,14.5666666666667,NA,NA,NA,NA,NA,NA
"Tremie13","tagged_plants",24,12,9,19.6,NA,NA,NA,NA,NA,NA
"Tremie13","tagged_plants",24,12,10,22.4,NA,NA,NA,NA,NA,NA
"Tremie13","tagged_plants",24,12,11,20.3,NA,NA,NA,NA,NA,NA
"Tremie13","tagged_plants",24,12,12,12.7,NA,NA,NA,NA,NA,NA
"Tremie13","tagged_plants",25,12,1,6.6,NA,NA,NA,NA,NA,NA
"Tremie13","tagged_plants",25,12,2,8.8,NA,NA,NA,NA,NA,NA
"Tremie13","tagged_plants",25,12,3,10.4,NA,NA,NA,NA,NA,NA
"Tremie13","tagged_plants",25,12,4,10.1,NA,NA,NA,NA,NA,NA
"Tremie13","tagged_plants",25,12,6,10.55,NA,NA,NA,NA,NA,NA
"Tremie13","tagged_plants",25,12,7,12.8,NA,NA,NA,NA,NA,NA
"Tremie13","tagged_plants",25,12,8,15.5,NA,NA,NA,NA,NA,NA
"Tremie13","tagged_plants",25,12,9,19.15,NA,NA,NA,NA,NA,NA
"Tremie13","tagged_plants",25,12,10,22.5,NA,NA,NA,NA,NA,NA
"Tremie13","tagged_plants",25,12,11,20.3,NA,NA,NA,NA,NA,NA
"Tremie13","tagged_plants",25,12,12,11.95,NA,NA,NA,NA,NA,NA
"Tremie13","tagged_plants",26,11,2,10,NA,NA,NA,NA,NA,NA
"Tremie13","tagged_plants",26,11,3,11,NA,NA,NA,NA,NA,NA
"Tremie13","tagged_plants",26,11,6,11.8,NA,NA,NA,NA,NA,NA
"Tremie13","tagged_plants",26,11,7,14.8,NA,NA,NA,NA,NA,NA
"Tremie13","tagged_plants",26,11,8,16.2666666666667,NA,NA,NA,NA,NA,NA
"Tremie13","tagged_plants",26,11,9,20.7,NA,NA,NA,NA,NA,NA
"Tremie13","tagged_plants",26,11,10,20,NA,NA,NA,NA,NA,NA
"Tremie13","tagged_plants",26,11,11,13.2,NA,NA,NA,NA,NA,NA
"Tremie13","tagged_plants",27,11,1,6.7,NA,NA,NA,NA,NA,NA
"Tremie13","tagged_plants",27,11,2,8,NA,NA,NA,NA,NA,NA
"Tremie13","tagged_plants",27,11,3,9.7,NA,NA,NA,NA,NA,NA
"Tremie13","tagged_plants",27,11,4,9.8,NA,NA,NA,NA,NA,NA
"Tremie13","tagged_plants",27,11,6,11.3,NA,NA,NA,NA,NA,NA
"Tremie13","tagged_plants",27,11,7,12.9,NA,NA,NA,NA,NA,NA
"Tremie13","tagged_plants",27,11,8,15.0666666666667,NA,NA,NA,NA,NA,NA
"Tremie13","tagged_plants",27,11,9,20.8,NA,NA,NA,NA,NA,NA
"Tremie13","tagged_plants",27,11,10,24,NA,NA,NA,NA,NA,NA
"Tremie13","tagged_plants",27,11,11,15.5,NA,NA,NA,NA,NA,NA
"Tremie13","tagged_plants",28,11,1,7.8,NA,NA,NA,NA,NA,NA
"Tremie13","tagged_plants",28,11,2,9,NA,NA,NA,NA,NA,NA
"Tremie13","tagged_plants",28,11,6,11,NA,NA,NA,NA,NA,NA
"Tremie13","tagged_plants",28,11,7,13.25,NA,NA,NA,NA,NA,NA
"Tremie13","tagged_plants",28,11,8,17.4,NA,NA,NA,NA,NA,NA
"Tremie13","tagged_plants",28,11,9,21.65,NA,NA,NA,NA,NA,NA
"Tremie13","tagged_plants",28,11,10,22.5,NA,NA,NA,NA,NA,NA
"Tremie13","tagged_plants",28,11,11,14.4,NA,NA,NA,NA,NA,NA
"Tremie13","tagged_plants",29,12,1,6.6,NA,NA,NA,NA,NA,NA
"Tremie13","tagged_plants",29,12,2,8,NA,NA,NA,NA,NA,NA
"Tremie13","tagged_plants",29,12,6,10,NA,NA,NA,NA,NA,NA
"Tremie13","tagged_plants",29,12,7,13.1,NA,NA,NA,NA,NA,NA
"Tremie13","tagged_plants",29,12,8,16.7666666666667,NA,NA,NA,NA,NA,NA
"Tremie13","tagged_plants",29,12,9,20,NA,NA,NA,NA,NA,NA
"Tremie13","tagged_plants",29,12,10,22.9,NA,NA,NA,NA,NA,NA
"Tremie13","tagged_plants",29,12,11,21,NA,NA,NA,NA,NA,NA
"Tremie13","tagged_plants",29,12,12,12.05,NA,NA,NA,NA,NA,NA
"Tremie13","tagged_plants",30,12,3,8.5,NA,NA,NA,NA,NA,NA
"Tremie13","tagged_plants",30,12,4,8.1,NA,NA,NA,NA,NA,NA
"Tremie13","tagged_plants",30,12,6,9.3,NA,NA,NA,NA,NA,NA
"Tremie13","tagged_plants",30,12,7,11.45,NA,NA,NA,NA,NA,NA
"Tremie13","tagged_plants",30,12,8,15.3333333333333,NA,NA,NA,NA,NA,NA
"Tremie13","tagged_plants",30,12,9,19.6,NA,NA,NA,NA,NA,NA
"Tremie13","tagged_plants",30,12,10,23.6,NA,NA,NA,NA,NA,NA
"Tremie13","tagged_plants",30,12,11,20.6,NA,NA,NA,NA,NA,NA
"Tremie13","tagged_plants",30,12,12,12.7,NA,NA,NA,NA,NA,NA
"Tremie13","tagged_plants",31,11,1,7.4,NA,NA,NA,NA,NA,NA
"Tremie13","tagged_plants",31,11,2,9.6,NA,NA,NA,NA,NA,NA
"Tremie13","tagged_plants",31,11,3,11,NA,NA,NA,NA,NA,NA
"Tremie13","tagged_plants",31,11,4,10.8,NA,NA,NA,NA,NA,NA
"Tremie13","tagged_plants",31,11,7,14.15,NA,NA,NA,NA,NA,NA
"Tremie13","tagged_plants",31,11,8,17.9333333333333,NA,NA,NA,NA,NA,NA
"Tremie13","tagged_plants",31,11,9,21.85,NA,NA,NA,NA,NA,NA
"Tremie13","tagged_plants",31,11,10,25.7,NA,NA,NA,NA,NA,NA
"Tremie13","tagged_plants",31,11,11,15.9,NA,NA,NA,NA,NA,NA
"Tremie13","tagged_plants",32,11,1,6.9,NA,NA,NA,NA,NA,NA
"Tremie13","tagged_plants",32,11,2,7.4,NA,NA,NA,NA,NA,NA
"Tremie13","tagged_plants",32,11,3,9,NA,NA,NA,NA,NA,NA
"Tremie13","tagged_plants",32,11,4,9.7,NA,NA,NA,NA,NA,NA
"Tremie13","tagged_plants",32,11,8,17.9333333333333,NA,NA,NA,NA,NA,NA
"Tremie13","tagged_plants",32,11,9,22.45,NA,NA,NA,NA,NA,NA
"Tremie13","tagged_plants",32,11,10,24.7,NA,NA,NA,NA,NA,NA
"Tremie13","tagged_plants",32,11,11,15.15,NA,NA,NA,NA,NA,NA
"Tremie13","tagged_plants",33,11,1,7.3,NA,NA,NA,NA,NA,NA
"Tremie13","tagged_plants",33,11,3,10,NA,NA,NA,NA,NA,NA
"Tremie13","tagged_plants",33,11,4,10,NA,NA,NA,NA,NA,NA
"Tremie13","tagged_plants",33,11,8,17,NA,NA,NA,NA,NA,NA
"Tremie13","tagged_plants",33,11,9,21.5,NA,NA,NA,NA,NA,NA
"Tremie13","tagged_plants",33,11,10,21.9,NA,NA,NA,NA,NA,NA
"Tremie13","tagged_plants",33,11,11,13.8,NA,NA,NA,NA,NA,NA
"Tremie13","tagged_plants",34,11,1,6.5,NA,NA,NA,NA,NA,NA
"Tremie13","tagged_plants",34,11,2,8.2,NA,NA,NA,NA,NA,NA
"Tremie13","tagged_plants",34,11,6,10.6,NA,NA,NA,NA,NA,NA
"Tremie13","tagged_plants",34,11,7,13.65,NA,NA,NA,NA,NA,NA
"Tremie13","tagged_plants",34,11,8,15.25,NA,NA,NA,NA,NA,NA
"Tremie13","tagged_plants",34,11,9,21.6,NA,NA,NA,NA,NA,NA
"Tremie13","tagged_plants",34,11,10,24.8,NA,NA,NA,NA,NA,NA
"Tremie13","tagged_plants",34,11,11,16.6,NA,NA,NA,NA,NA,NA
"Tremie13","tagged_plants",35,11,1,7,NA,NA,NA,NA,NA,NA
"Tremie13","tagged_plants",35,11,2,10,NA,NA,NA,NA,NA,NA
"Tremie13","tagged_plants",35,11,3,11.5,NA,NA,NA,NA,NA,NA
"Tremie13","tagged_plants",35,11,6,12.9,NA,NA,NA,NA,NA,NA
"Tremie13","tagged_plants",35,11,7,14.75,NA,NA,NA,NA,NA,NA
"Tremie13","tagged_plants",35,11,8,19.7,NA,NA,NA,NA,NA,NA
"Tremie13","tagged_plants",35,11,9,22.4,NA,NA,NA,NA,NA,NA
"Tremie13","tagged_plants",35,11,10,23.5,NA,NA,NA,NA,NA,NA
"Tremie13","tagged_plants",35,11,11,14.2,NA,NA,NA,NA,NA,NA
"Tremie13","tagged_plants",36,11,2,8.5,NA,NA,NA,NA,NA,NA
"Tremie13","tagged_plants",36,11,3,10.3,NA,NA,NA,NA,NA,NA
"Tremie13","tagged_plants",36,11,6,12.45,NA,NA,NA,NA,NA,NA
"Tremie13","tagged_plants",36,11,7,14.6,NA,NA,NA,NA,NA,NA
"Tremie13","tagged_plants",36,11,8,17,NA,NA,NA,NA,NA,NA
"Tremie13","tagged_plants",36,11,9,20.75,NA,NA,NA,NA,NA,NA
"Tremie13","tagged_plants",36,11,10,22.8,NA,NA,NA,NA,NA,NA
"Tremie13","tagged_plants",36,11,11,15.1,NA,NA,NA,NA,NA,NA
"Tremie13","tagged_plants",37,11,2,6.8,NA,NA,NA,NA,NA,NA
"Tremie13","tagged_plants",37,11,3,10.5,NA,NA,NA,NA,NA,NA
"Tremie13","tagged_plants",37,11,7,12.55,NA,NA,NA,NA,NA,NA
"Tremie13","tagged_plants",37,11,8,15.6666666666667,NA,NA,NA,NA,NA,NA
"Tremie13","tagged_plants",37,11,9,21.85,NA,NA,NA,NA,NA,NA
"Tremie13","tagged_plants",37,11,10,24.4,NA,NA,NA,NA,NA,NA
"Tremie13","tagged_plants",37,11,11,17.4,NA,NA,NA,NA,NA,NA
"Tremie13","tagged_plants",38,11,2,8.1,NA,NA,NA,NA,NA,NA
"Tremie13","tagged_plants",38,11,3,8.8,NA,NA,NA,NA,NA,NA
"Tremie13","tagged_plants",38,11,6,11.6,NA,NA,NA,NA,NA,NA
"Tremie13","tagged_plants",38,11,7,14.65,NA,NA,NA,NA,NA,NA
"Tremie13","tagged_plants",38,11,8,17.9,NA,NA,NA,NA,NA,NA
"Tremie13","tagged_plants",38,11,9,21.7,NA,NA,NA,NA,NA,NA
"Tremie13","tagged_plants",38,11,10,22.5,NA,NA,NA,NA,NA,NA
"Tremie13","tagged_plants",38,11,11,15.35,NA,NA,NA,NA,NA,NA
"Tremie13","tagged_plants",39,11,2,9.8,NA,NA,NA,NA,NA,NA
"Tremie13","tagged_plants",39,11,3,11.5,NA,NA,NA,NA,NA,NA
"Tremie13","tagged_plants",39,11,4,11.5,NA,NA,NA,NA,NA,NA
"Tremie13","tagged_plants",39,11,6,12.7,NA,NA,NA,NA,NA,NA
"Tremie13","tagged_plants",39,11,7,15.15,NA,NA,NA,NA,NA,NA
"Tremie13","tagged_plants",39,11,8,18.0666666666667,NA,NA,NA,NA,NA,NA
"Tremie13","tagged_plants",39,11,9,21.05,NA,NA,NA,NA,NA,NA
"Tremie13","tagged_plants",39,11,10,22.4,NA,NA,NA,NA,NA,NA
"Tremie13","tagged_plants",39,11,11,13.2,NA,NA,NA,NA,NA,NA
"Tremie13","tagged_plants",40,11,2,8.5,NA,NA,NA,NA,NA,NA
"Tremie13","tagged_plants",40,11,3,11.5,NA,NA,NA,NA,NA,NA
"Tremie13","tagged_plants",40,11,4,11.5,NA,NA,NA,NA,NA,NA
"Tremie13","tagged_plants",40,11,8,18.9,NA,NA,NA,NA,NA,NA
"Tremie13","tagged_plants",40,11,9,22.2,NA,NA,NA,NA,NA,NA
"Tremie13","tagged_plants",40,11,10,22.6,NA,NA,NA,NA,NA,NA
"Tremie13","tagged_plants",40,11,11,15.95,NA,NA,NA,NA,NA,NA
"Tremie13","tagged_plants",41,11,2,9.6,NA,NA,NA,NA,NA,NA
"Tremie13","tagged_plants",41,11,4,11,NA,NA,NA,NA,NA,NA
"Tremie13","tagged_plants",41,11,7,14.45,NA,NA,NA,NA,NA,NA
"Tremie13","tagged_plants",41,11,8,17.7666666666667,NA,NA,NA,NA,NA,NA
"Tremie13","tagged_plants",41,11,9,21.7,NA,NA,NA,NA,NA,NA
"Tremie13","tagged_plants",41,11,10,23.4,NA,NA,NA,NA,NA,NA
"Tremie13","tagged_plants",41,11,11,13.9,NA,NA,NA,NA,NA,NA
"Tremie13","tagged_plants",42,11,1,5.5,NA,NA,NA,NA,NA,NA
"Tremie13","tagged_plants",42,11,2,8.4,NA,NA,NA,NA,NA,NA
"Tremie13","tagged_plants",42,11,3,9.3,NA,NA,NA,NA,NA,NA
"Tremie13","tagged_plants",42,11,4,10,NA,NA,NA,NA,NA,NA
"Tremie13","tagged_plants",42,11,6,11.5,NA,NA,NA,NA,NA,NA
"Tremie13","tagged_plants",42,11,7,13.65,NA,NA,NA,NA,NA,NA
"Tremie13","tagged_plants",42,11,8,16.3666666666667,NA,NA,NA,NA,NA,NA
"Tremie13","tagged_plants",42,11,9,20.6,NA,NA,NA,NA,NA,NA
"Tremie13","tagged_plants",42,11,10,23.4,NA,NA,NA,NA,NA,NA
"Tremie13","tagged_plants",42,11,11,14.95,NA,NA,NA,NA,NA,NA
"Tremie13","tagged_plants",43,11,2,9.3,NA,NA,NA,NA,NA,NA
"Tremie13","tagged_plants",43,11,6,12.25,NA,NA,NA,NA,NA,NA
"Tremie13","tagged_plants",43,11,7,15.25,NA,NA,NA,NA,NA,NA
"Tremie13","tagged_plants",43,11,8,19.95,NA,NA,NA,NA,NA,NA
"Tremie13","tagged_plants",43,11,9,23.1,NA,NA,NA,NA,NA,NA
"Tremie13","tagged_plants",43,11,10,21.5,NA,NA,NA,NA,NA,NA
"Tremie13","tagged_plants",43,11,11,13.3,NA,NA,NA,NA,NA,NA
"Tremie13","tagged_plants",44,11,2,8,NA,NA,NA,NA,NA,NA
"Tremie13","tagged_plants",44,11,3,10,NA,NA,NA,NA,NA,NA
"Tremie13","tagged_plants",44,11,6,13.35,NA,NA,NA,NA,NA,NA
"Tremie13","tagged_plants",44,11,7,16.1,NA,NA,NA,NA,NA,NA
"Tremie13","tagged_plants",44,11,8,20.95,NA,NA,NA,NA,NA,NA
"Tremie13","tagged_plants",44,11,9,23.1,NA,NA,NA,NA,NA,NA
"Tremie13","tagged_plants",44,11,10,22.3,NA,NA,NA,NA,NA,NA
"Tremie13","tagged_plants",44,11,11,13.05,NA,NA,NA,NA,NA,NA
"Tremie13","tagged_plants",45,11,2,8.4,NA,NA,NA,NA,NA,NA
"Tremie13","tagged_plants",45,11,6,10.65,NA,NA,NA,NA,NA,NA
"Tremie13","tagged_plants",45,11,7,13.65,NA,NA,NA,NA,NA,NA
"Tremie13","tagged_plants",45,11,8,18.4333333333333,NA,NA,NA,NA,NA,NA
"Tremie13","tagged_plants",45,11,9,22.8,NA,NA,NA,NA,NA,NA
"Tremie13","tagged_plants",45,11,10,24,NA,NA,NA,NA,NA,NA
"Tremie13","tagged_plants",45,11,11,16.1,NA,NA,NA,NA,NA,NA
