"Date","label","Trt","Rep","N","Axis","Nflig","Nfvis","nff","HS","SSI","GL"
"01/06/2011","Mercia","T1+T2",1,1,"MB",12,0,12,12,9.156,2.844
"09/06/2011","Mercia","T1+T2",1,1,"MB",12,0,12,12,10.3,1.7
"18/04/2011","Mercia","T1+T2",1,1,"MB",9,1,12,10.0377358490566,NA,NA
"19/01/2011","Mercia","T1+T2",1,1,"MB",3,2,12,3.85185405263541,0,3.85185405263541
"26/05/2011","Mercia","T1+T2",1,1,"MB",12,0,12,12,9.31,2.69
"27/04/2011","Mercia","T1+T2",1,1,"MB",11,1,12,11.5123456790123,NA,NA
"01/06/2011","Mercia","T1+T2",1,2,"MB",NA,NA,NA,NA,NA,NA
"09/06/2011","Mercia","T1+T2",1,2,"MB",NA,NA,NA,NA,NA,NA
"18/04/2011","Mercia","T1+T2",1,2,"MB",NA,NA,NA,NA,NA,NA
"19/01/2011","Mercia","T1+T2",1,2,"MB",3,2,NA,NA,NA,NA
"26/05/2011","Mercia","T1+T2",1,2,"MB",NA,NA,NA,NA,NA,NA
"27/04/2011","Mercia","T1+T2",1,2,"MB",NA,NA,NA,NA,NA,NA
"01/06/2011","Mercia","T1+T2",1,3,"MB",11,0,11,11,9.114,1.886
"09/06/2011","Mercia","T1+T2",1,3,"MB",11,0,11,11,9.65,1.35
"18/04/2011","Mercia","T1+T2",1,3,"MB",9,1,11,9.61728395061728,NA,NA
"19/01/2011","Mercia","T1+T2",1,3,"MB",3,2,11,3.67614042179222,NA,NA
"26/05/2011","Mercia","T1+T2",1,3,"MB",11,0,11,11,9,2
"27/04/2011","Mercia","T1+T2",1,3,"MB",10,1,11,10.8697916666667,NA,NA
"01/06/2011","Mercia","T1+T2",1,4,"MB",NA,NA,NA,NA,NA,NA
"09/06/2011","Mercia","T1+T2",1,4,"MB",NA,NA,NA,NA,NA,NA
"18/04/2011","Mercia","T1+T2",1,4,"MB",NA,NA,NA,NA,NA,NA
"19/01/2011","Mercia","T1+T2",1,4,"MB",3,2,NA,NA,NA,NA
"26/05/2011","Mercia","T1+T2",1,4,"MB",NA,NA,NA,NA,NA,NA
"27/04/2011","Mercia","T1+T2",1,4,"MB",NA,NA,NA,NA,NA,NA
"01/06/2011","Mercia","T1+T2",1,5,"MB",11,0,11,11,8.2,2.8
"09/06/2011","Mercia","T1+T2",1,5,"MB",11,0,11,11,9.42,1.58
"18/04/2011","Mercia","T1+T2",1,5,"MB",9,1,11,9.5683836589698,NA,NA
"19/01/2011","Mercia","T1+T2",1,5,"MB",3,2,11,3.7494861018151,0.2,3.5494861018151
"26/05/2011","Mercia","T1+T2",1,5,"MB",11,0,11,11,8.37,2.63
"27/04/2011","Mercia","T1+T2",1,5,"MB",10,1,11,10.9010416666667,NA,NA
"01/06/2011","Mercia","T1+T2",1,6,"MB",NA,NA,NA,NA,NA,NA
"09/06/2011","Mercia","T1+T2",1,6,"MB",NA,NA,NA,NA,NA,NA
"18/04/2011","Mercia","T1+T2",1,6,"MB",NA,NA,NA,NA,NA,NA
"19/01/2011","Mercia","T1+T2",1,6,"MB",3,2,NA,NA,NA,NA
"26/05/2011","Mercia","T1+T2",1,6,"MB",NA,NA,NA,NA,NA,NA
"27/04/2011","Mercia","T1+T2",1,6,"MB",NA,NA,NA,NA,NA,NA
"01/06/2011","Mercia","T1+T2",1,7,"MB",11,0,11,11,8.284,2.716
"09/06/2011","Mercia","T1+T2",1,7,"MB",11,0,11,11,9.51,1.49
"18/04/2011","Mercia","T1+T2",1,7,"MB",9,1,11,9.43233082706767,NA,NA
"19/01/2011","Mercia","T1+T2",1,7,"MB",3,2,11,3.72193510320907,0.1,3.62193510320907
"26/05/2011","Mercia","T1+T2",1,7,"MB",11,0,11,11,8.7,2.3
"27/04/2011","Mercia","T1+T2",1,7,"MB",10,1,11,10.7828282828283,NA,NA
"01/06/2011","Mercia","T1+T2",1,8,"MB",12,0,12,12,9.081,2.919
"09/06/2011","Mercia","T1+T2",1,8,"MB",12,0,12,12,9.67,2.33
"18/04/2011","Mercia","T1+T2",1,8,"MB",9,1,12,9.8206106870229,NA,NA
"19/01/2011","Mercia","T1+T2",1,8,"MB",3,2,12,3.88877606181136,0.01,3.87877606181136
"26/05/2011","Mercia","T1+T2",1,8,"MB",12,0,12,12,9.04,2.96
"27/04/2011","Mercia","T1+T2",1,8,"MB",11,1,12,11.489932885906,7.3,4.18993288590604
"01/06/2011","Mercia","T1+T2",1,9,"MB",NA,NA,NA,NA,NA,NA
"09/06/2011","Mercia","T1+T2",1,9,"MB",NA,NA,NA,NA,NA,NA
"18/04/2011","Mercia","T1+T2",1,9,"MB",NA,NA,NA,NA,NA,NA
"19/01/2011","Mercia","T1+T2",1,9,"MB",3,2,NA,NA,NA,NA
"26/05/2011","Mercia","T1+T2",1,9,"MB",NA,NA,NA,NA,NA,NA
"27/04/2011","Mercia","T1+T2",1,9,"MB",NA,NA,NA,NA,NA,NA
"01/06/2011","Mercia","T1+T2",1,10,"MB",NA,NA,NA,NA,NA,NA
"09/06/2011","Mercia","T1+T2",1,10,"MB",NA,NA,NA,NA,NA,NA
"18/04/2011","Mercia","T1+T2",1,10,"MB",NA,NA,NA,NA,NA,NA
"19/01/2011","Mercia","T1+T2",1,10,"MB",3,2,NA,NA,NA,NA
"26/05/2011","Mercia","T1+T2",1,10,"MB",NA,NA,NA,NA,NA,NA
"27/04/2011","Mercia","T1+T2",1,10,"MB",NA,NA,NA,NA,NA,NA
"01/06/2011","Mercia","T1+T2",1,11,"MB",12,0,12,12,9.158,2.842
"09/06/2011","Mercia","T1+T2",1,11,"MB",12,0,12,12,10.59,1.41
"18/04/2011","Mercia","T1+T2",1,11,"MB",10,1,12,10.1969365426696,NA,NA
"19/01/2011","Mercia","T1+T2",1,11,"MB",3,2,12,4.11578170880388,0.01,4.10578170880388
"26/05/2011","Mercia","T1+T2",1,11,"MB",12,0,12,12,9.48,2.52
"27/04/2011","Mercia","T1+T2",1,11,"MB",11,1,12,11.6898909801828,8.2,3.48989098018281
"01/06/2011","Mercia","T1+T2",1,12,"MB",12,0,12,12,9.226,2.774
"09/06/2011","Mercia","T1+T2",1,12,"MB",12,0,12,12,10.55,1.45
"18/04/2011","Mercia","T1+T2",1,12,"MB",9,1,12,9.875,NA,NA
"19/01/2011","Mercia","T1+T2",1,12,"MB",3,2,12,4.17763973508069,0,4.17763973508069
"26/05/2011","Mercia","T1+T2",1,12,"MB",12,0,12,12,9.33,2.67
"27/04/2011","Mercia","T1+T2",1,12,"MB",NA,NA,12,NA,NA,NA
"01/06/2011","Mercia","T1+T2",2,13,"MB",11,0,11,11,8.206,2.794
"09/06/2011","Mercia","T1+T2",2,13,"MB",11,0,11,11,9.6,1.4
"18/04/2011","Mercia","T1+T2",2,13,"MB",9,1,11,9.37664783427495,NA,NA
"19/01/2011","Mercia","T1+T2",2,13,"MB",3,2,11,3.74555758917566,0,3.74555758917566
"26/05/2011","Mercia","T1+T2",2,13,"MB",11,0,11,11,8.34,2.66
"27/04/2011","Mercia","T1+T2",2,13,"MB",10,1,11,10.6797752808989,NA,NA
"01/06/2011","Mercia","T1+T2",2,14,"MB",12,0,12,12,9.226,2.774
"09/06/2011","Mercia","T1+T2",2,14,"MB",12,0,12,12,10.9,1.1
"18/04/2011","Mercia","T1+T2",2,14,"MB",9,1,12,9.84745762711864,NA,NA
"19/01/2011","Mercia","T1+T2",2,14,"MB",3,2,12,3.68531683775255,0.02,3.66531683775255
"26/05/2011","Mercia","T1+T2",2,14,"MB",12,0,12,12,9.09,2.91
"27/04/2011","Mercia","T1+T2",2,14,"MB",11,1,12,11.4351145038168,NA,NA
"01/06/2011","Mercia","T1+T2",2,15,"MB",12,0,12,12,10.213,1.787
"09/06/2011","Mercia","T1+T2",2,15,"MB",12,0,12,12,11.75,0.25
"18/04/2011","Mercia","T1+T2",2,15,"MB",9,1,12,9.63492063492063,NA,NA
"19/01/2011","Mercia","T1+T2",2,15,"MB",3,1,12,3.44501349554594,NA,NA
"26/05/2011","Mercia","T1+T2",2,15,"MB",12,0,12,12,9.6,2.4
"27/04/2011","Mercia","T1+T2",2,15,"MB",11,1,12,11.2263157894737,NA,NA
"01/06/2011","Mercia","T1+T2",2,16,"MB",12,0,12,12,9.143,2.857
"09/06/2011","Mercia","T1+T2",2,16,"MB",12,0,12,12,9.9,2.1
"18/04/2011","Mercia","T1+T2",2,16,"MB",9,1,12,10.0123966942149,NA,NA
"19/01/2011","Mercia","T1+T2",2,16,"MB",3,2,12,3.68873774536591,0,3.68873774536591
"26/05/2011","Mercia","T1+T2",2,16,"MB",12,0,12,12,9.17,2.83
"27/04/2011","Mercia","T1+T2",2,16,"MB",11,1,12,11.5333333333333,NA,NA
"01/06/2011","Mercia","T1+T2",2,17,"MB",12,0,12,12,8.243,3.757
"09/06/2011","Mercia","T1+T2",2,17,"MB",12,0,12,12,9.39,2.61
"18/04/2011","Mercia","T1+T2",2,17,"MB",9,1,12,9.99099099099099,NA,NA
"19/01/2011","Mercia","T1+T2",2,17,"MB",3,2,12,NA,0,NA
"26/05/2011","Mercia","T1+T2",2,17,"MB",12,0,12,12,8.81,3.19
"27/04/2011","Mercia","T1+T2",2,17,"MB",11,1,12,11.2848101265823,NA,NA
"01/06/2011","Mercia","T1+T2",2,18,"MB",12,0,12,12,9.106,2.894
"09/06/2011","Mercia","T1+T2",2,18,"MB",12,0,12,12,10.22,1.78
"18/04/2011","Mercia","T1+T2",2,18,"MB",9,1,12,9.9,NA,NA
"19/01/2011","Mercia","T1+T2",2,18,"MB",3,2,12,3.72789178198305,0,3.72789178198305
"26/05/2011","Mercia","T1+T2",2,18,"MB",12,0,12,12,9.06,2.94
"27/04/2011","Mercia","T1+T2",2,18,"MB",11,1,12,11.3604651162791,NA,NA
"01/06/2011","Mercia","T1+T2",2,19,"MB",11,0,11,11,8.041,2.959
"09/06/2011","Mercia","T1+T2",2,19,"MB",11,0,11,11,8.56,2.44
"18/04/2011","Mercia","T1+T2",2,19,"MB",9,1,11,9.17167381974249,NA,NA
"19/01/2011","Mercia","T1+T2",2,19,"MB",3,1,11,3.42810239737161,0,3.42810239737161
"26/05/2011","Mercia","T1+T2",2,19,"MB",11,0,11,11,7.8,3.2
"27/04/2011","Mercia","T1+T2",2,19,"MB",10,1,11,10.5952380952381,NA,NA
"01/06/2011","Mercia","T1+T2",2,20,"MB",12,0,12,12,9.053,2.947
"09/06/2011","Mercia","T1+T2",2,20,"MB",12,0,12,12,9.61,2.39
"18/04/2011","Mercia","T1+T2",2,20,"MB",9,1,12,9.79497907949791,NA,NA
"19/01/2011","Mercia","T1+T2",2,20,"MB",3,2,12,3.87364183641253,0,3.87364183641253
"26/05/2011","Mercia","T1+T2",2,20,"MB",12,0,12,12,8.87,3.13
"27/04/2011","Mercia","T1+T2",2,20,"MB",11,1,12,11.344,NA,NA
"01/06/2011","Mercia","T1+T2",2,21,"MB",11,0,11,11,8.153,2.847
"09/06/2011","Mercia","T1+T2",2,21,"MB",11,0,11,11,9.3,1.7
"18/04/2011","Mercia","T1+T2",2,21,"MB",9,1,11,9.40485829959514,NA,NA
"19/01/2011","Mercia","T1+T2",2,21,"MB",3,1,11,3.4400639496969,0,3.4400639496969
"26/05/2011","Mercia","T1+T2",2,21,"MB",11,0,11,11,8.22,2.78
"27/04/2011","Mercia","T1+T2",2,21,"MB",10,1,11,10.7384615384615,NA,NA
"01/06/2011","Mercia","T1+T2",2,22,"MB",11,0,11,11,8.208,2.792
"09/06/2011","Mercia","T1+T2",2,22,"MB",11,0,11,11,9.42,1.58
"18/04/2011","Mercia","T1+T2",2,22,"MB",9,1,11,9.47016274864376,NA,NA
"19/01/2011","Mercia","T1+T2",2,22,"MB",3,1,11,3.53810391664218,0.02,3.51810391664218
"26/05/2011","Mercia","T1+T2",2,22,"MB",11,0,11,11,8.25,2.75
"27/04/2011","Mercia","T1+T2",2,22,"MB",10,1,11,10.7808639505902,NA,NA
"01/06/2011","Mercia","T1+T2",2,23,"MB",12,0,12,12,10.145,1.855
"09/06/2011","Mercia","T1+T2",2,23,"MB",12,0,12,12,12,0
"18/04/2011","Mercia","T1+T2",2,23,"MB",10,1,12,10.2150537634409,NA,NA
"19/01/2011","Mercia","T1+T2",2,23,"MB",3,2,12,3.87324677126529,0,3.87324677126529
"26/05/2011","Mercia","T1+T2",2,23,"MB",12,0,12,12,9.27,2.73
"27/04/2011","Mercia","T1+T2",2,23,"MB",11,1,12,11.6626506024096,NA,NA
"01/06/2011","Mercia","T1+T2",2,24,"MB",11,0,11,11,8.136,2.864
"09/06/2011","Mercia","T1+T2",2,24,"MB",11,0,11,11,9.05,1.95
"18/04/2011","Mercia","T1+T2",2,24,"MB",9,1,11,9.32258064516129,NA,NA
"19/01/2011","Mercia","T1+T2",2,24,"MB",3,2,11,3.65941954689892,NA,NA
"26/05/2011","Mercia","T1+T2",2,24,"MB",11,0,11,11,8.14,2.86
"27/04/2011","Mercia","T1+T2",2,24,"MB",10,1,11,10.6703439271963,NA,NA
"01/06/2011","Mercia","T1+T2",3,25,"MB",12,0,12,12,8.158,3.842
"09/06/2011","Mercia","T1+T2",3,25,"MB",12,0,12,12,9.43,2.57
"18/04/2011","Mercia","T1+T2",3,25,"MB",9,1,12,9.95299145299145,NA,NA
"19/01/2011","Mercia","T1+T2",3,25,"MB",3,2,12,3.70057575807032,0.5,3.20057575807032
"26/05/2011","Mercia","T1+T2",3,25,"MB",12,0,12,12,8.28,3.72
"27/04/2011","Mercia","T1+T2",3,25,"MB",11,1,12,11.6,NA,NA
"01/06/2011","Mercia","T1+T2",3,26,"MB",13,0,13,13,9.187,3.813
"09/06/2011","Mercia","T1+T2",3,26,"MB",13,0,13,13,10.55,2.45
"18/04/2011","Mercia","T1+T2",3,26,"MB",10,1,13,10.4417670682731,NA,NA
"19/01/2011","Mercia","T1+T2",3,26,"MB",4,1,13,4.30307764409135,0,4.30307764409135
"26/05/2011","Mercia","T1+T2",3,26,"MB",13,0,13,13,9.27,3.73
"27/04/2011","Mercia","T1+T2",3,26,"MB",11,1,13,11.1031390134529,NA,NA
"01/06/2011","Mercia","T1+T2",3,27,"MB",11,0,11,11,8.244,2.756
"09/06/2011","Mercia","T1+T2",3,27,"MB",11,0,11,11,9.32,1.68
"18/04/2011","Mercia","T1+T2",3,27,"MB",9,1,11,9.49551166965889,NA,NA
"19/01/2011","Mercia","T1+T2",3,27,"MB",3,2,11,3.63210675017187,0,3.63210675017187
"26/05/2011","Mercia","T1+T2",3,27,"MB",11,0,11,11,8.35,2.65
"27/04/2011","Mercia","T1+T2",3,27,"MB",10,1,11,10.7849462365591,NA,NA
"01/06/2011","Mercia","T1+T2",3,28,"MB",12,0,12,12,9.151,2.849
"09/06/2011","Mercia","T1+T2",3,28,"MB",12,0,12,12,9.89,2.11
"18/04/2011","Mercia","T1+T2",3,28,"MB",9,1,12,9.97345132743363,NA,NA
"19/01/2011","Mercia","T1+T2",3,28,"MB",3,1,12,3.48430125543984,0,3.48430125543984
"26/05/2011","Mercia","T1+T2",3,28,"MB",12,0,12,12,8.9,3.1
"27/04/2011","Mercia","T1+T2",3,28,"MB",11,1,12,11.51875,NA,NA
"01/06/2011","Mercia","T1+T2",3,29,"MB",11,0,11,11,8.026,2.974
"09/06/2011","Mercia","T1+T2",3,29,"MB",11,0,11,11,8.82,2.18
"18/04/2011","Mercia","T1+T2",3,29,"MB",8,1,11,8.95528455284553,NA,NA
"19/01/2011","Mercia","T1+T2",3,29,"MB",4,1,11,4.5110936640888,0.01,4.5010936640888
"26/05/2011","Mercia","T1+T2",3,29,"MB",11,0,11,11,7.59,3.41
"27/04/2011","Mercia","T1+T2",3,29,"MB",10,1,11,10.2942716802565,NA,NA
"01/06/2011","Mercia","T1+T2",3,30,"MB",11,0,11,11,9.013,1.987
"09/06/2011","Mercia","T1+T2",3,30,"MB",11,0,11,11,9.3,1.7
"18/04/2011","Mercia","T1+T2",3,30,"MB",9,1,11,9.36563071297989,NA,NA
"19/01/2011","Mercia","T1+T2",3,30,"MB",3,2,11,3.65566651299079,0.15,3.50566651299079
"26/05/2011","Mercia","T1+T2",3,30,"MB",11,0,11,11,7.73,3.27
"27/04/2011","Mercia","T1+T2",3,30,"MB",10,1,11,10.7734806629834,NA,NA
"01/06/2011","Mercia","T1+T2",3,31,"MB",12,0,12,12,9.03,2.97
"09/06/2011","Mercia","T1+T2",3,31,"MB",12,0,12,12,9.75,2.25
"18/04/2011","Mercia","T1+T2",3,31,"MB",9,1,12,10.0229007633588,NA,NA
"19/01/2011","Mercia","T1+T2",3,31,"MB",3,2,12,3.75676857575202,NA,NA
"26/05/2011","Mercia","T1+T2",3,31,"MB",12,0,12,12,NA,NA
"27/04/2011","Mercia","T1+T2",3,31,"MB",11,1,12,11.5714285714286,NA,NA
"01/06/2011","Mercia","T1+T2",3,32,"MB",12,0,12,12,8.229,3.771
"09/06/2011","Mercia","T1+T2",3,32,"MB",12,0,12,12,9.35,2.65
"18/04/2011","Mercia","T1+T2",3,32,"MB",9,1,12,9.7488986784141,NA,NA
"19/01/2011","Mercia","T1+T2",3,32,"MB",3,2,12,3.66674412681013,0,3.66674412681013
"26/05/2011","Mercia","T1+T2",3,32,"MB",12,0,12,12,8.66,3.34
"27/04/2011","Mercia","T1+T2",3,32,"MB",11,1,12,11.187134502924,NA,NA
"01/06/2011","Mercia","T1+T2",3,33,"MB",12,0,12,12,8.175,3.825
"09/06/2011","Mercia","T1+T2",3,33,"MB",12,0,12,12,9.34,2.66
"18/04/2011","Mercia","T1+T2",3,33,"MB",9,1,12,9.625,NA,NA
"19/01/2011","Mercia","T1+T2",3,33,"MB",3,1,12,3.50163322915883,0,3.50163322915883
"26/05/2011","Mercia","T1+T2",3,33,"MB",12,0,12,12,8.39,3.61
"27/04/2011","Mercia","T1+T2",3,33,"MB",10,1,12,11.0292682926829,NA,NA
"01/06/2011","Mercia","T1+T2",3,34,"MB",12,0,12,12,9.071,2.929
"09/06/2011","Mercia","T1+T2",3,34,"MB",12,0,12,12,9.95,2.05
"18/04/2011","Mercia","T1+T2",3,34,"MB",10,1,12,10.2495201535509,NA,NA
"19/01/2011","Mercia","T1+T2",3,34,"MB",3,2,12,3.71982943533207,NA,NA
"26/05/2011","Mercia","T1+T2",3,34,"MB",12,0,12,12,8.46,3.54
"27/04/2011","Mercia","T1+T2",3,34,"MB",11,1,12,11.6451612903226,NA,NA
"01/06/2011","Mercia","T1+T2",3,35,"MB",12,0,12,12,9.053,2.947
"09/06/2011","Mercia","T1+T2",3,35,"MB",12,0,12,12,9.81,2.19
"18/04/2011","Mercia","T1+T2",3,35,"MB",9,1,12,9.80575539568345,NA,NA
"19/01/2011","Mercia","T1+T2",3,35,"MB",3,1,12,3.40328177773277,0,3.40328177773277
"26/05/2011","Mercia","T1+T2",3,35,"MB",12,0,12,12,9,3
"27/04/2011","Mercia","T1+T2",3,35,"MB",11,1,12,11.2270531400966,NA,NA
"01/06/2011","Mercia","T1+T2",3,36,"MB",12,0,12,12,8.184,3.816
"09/06/2011","Mercia","T1+T2",3,36,"MB",12,0,12,12,9.45,2.55
"18/04/2011","Mercia","T1+T2",3,36,"MB",9,1,12,9.62553191489362,NA,NA
"19/01/2011","Mercia","T1+T2",3,36,"MB",3,1,12,3.33684442407044,0.03,3.30684442407044
"26/05/2011","Mercia","T1+T2",3,36,"MB",12,0,12,12,8.56,3.44
"27/04/2011","Mercia","T1+T2",3,36,"MB",11,0,12,NA,NA,NA
"01/06/2011","Rht3","T1+T2",1,1,"MB",11,0,11,11,9.045,1.955
"09/06/2011","Rht3","T1+T2",1,1,"MB",11,0,11,11,10.04,0.960000000000001
"18/04/2011","Rht3","T1+T2",1,1,"MB",9,1,11,9.3952380952381,NA,NA
"19/01/2011","Rht3","T1+T2",1,1,"MB",3,1,11,3.49133081223312,0,3.49133081223312
"26/05/2011","Rht3","T1+T2",1,1,"MB",11,0,11,11,8.22,2.78
"27/04/2011","Rht3","T1+T2",1,1,"MB",10,1,11,10.6080136950508,7.4,3.2080136950508
"01/06/2011","Rht3","T1+T2",1,2,"MB",12,0,12,12,9.053,2.947
"09/06/2011","Rht3","T1+T2",1,2,"MB",12,0,12,12,9.67,2.33
"18/04/2011","Rht3","T1+T2",1,2,"MB",9,1,12,9.86294416243655,NA,NA
"19/01/2011","Rht3","T1+T2",1,2,"MB",4,1,12,4.18719655860719,0.05,4.13719655860719
"26/05/2011","Rht3","T1+T2",1,2,"MB",12,0,12,12,8.56,3.44
"27/04/2011","Rht3","T1+T2",1,2,"MB",11,1,12,11.3313253012048,NA,NA
"01/06/2011","Rht3","T1+T2",1,3,"MB",NA,NA,NA,NA,NA,NA
"09/06/2011","Rht3","T1+T2",1,3,"MB",NA,NA,NA,NA,NA,NA
"18/04/2011","Rht3","T1+T2",1,3,"MB",8,1,NA,NA,NA,NA
"19/01/2011","Rht3","T1+T2",1,3,"MB",3,1,NA,NA,NA,NA
"26/05/2011","Rht3","T1+T2",1,3,"MB",NA,NA,NA,NA,NA,NA
"27/04/2011","Rht3","T1+T2",1,3,"MB",NA,NA,NA,NA,NA,NA
"01/06/2011","Rht3","T1+T2",1,4,"MB",NA,NA,NA,NA,NA,NA
"09/06/2011","Rht3","T1+T2",1,4,"MB",NA,NA,NA,NA,NA,NA
"18/04/2011","Rht3","T1+T2",1,4,"MB",8,1,NA,NA,NA,NA
"19/01/2011","Rht3","T1+T2",1,4,"MB",3,1,NA,NA,NA,NA
"26/05/2011","Rht3","T1+T2",1,4,"MB",NA,NA,NA,NA,NA,NA
"27/04/2011","Rht3","T1+T2",1,4,"MB",10,1,NA,NA,6.3,NA
"01/06/2011","Rht3","T1+T2",1,5,"MB",11,0,11,11,8.01,2.99
"09/06/2011","Rht3","T1+T2",1,5,"MB",11,0,11,11,NA,NA
"18/04/2011","Rht3","T1+T2",1,5,"MB",8,1,11,8.73156342182891,NA,NA
"19/01/2011","Rht3","T1+T2",1,5,"MB",3,1,11,3.49652013460259,0,3.49652013460259
"26/05/2011","Rht3","T1+T2",1,5,"MB",11,0,11,11,7.18,3.82
"27/04/2011","Rht3","T1+T2",1,5,"MB",9,1,11,9.44347826086956,6.2,3.24347826086956
"01/06/2011","Rht3","T1+T2",1,6,"MB",12,0,12,12,9.025,2.975
"09/06/2011","Rht3","T1+T2",1,6,"MB",12,0,12,12,9.4,2.6
"18/04/2011","Rht3","T1+T2",1,6,"MB",9,1,12,9.74418604651163,NA,NA
"19/01/2011","Rht3","T1+T2",1,6,"MB",3,1,12,NA,0,NA
"26/05/2011","Rht3","T1+T2",1,6,"MB",12,0,12,12,8.18,3.82
"27/04/2011","Rht3","T1+T2",1,6,"MB",11,1,12,11.242774566474,7.1,4.14277456647399
"01/06/2011","Rht3","T1+T2",1,7,"MB",NA,NA,NA,NA,NA,NA
"09/06/2011","Rht3","T1+T2",1,7,"MB",NA,NA,NA,NA,NA,NA
"18/04/2011","Rht3","T1+T2",1,7,"MB",8,1,NA,NA,NA,NA
"19/01/2011","Rht3","T1+T2",1,7,"MB",3,1,NA,NA,NA,NA
"26/05/2011","Rht3","T1+T2",1,7,"MB",NA,NA,NA,NA,NA,NA
"27/04/2011","Rht3","T1+T2",1,7,"MB",NA,NA,NA,NA,NA,NA
"01/06/2011","Rht3","T1+T2",1,8,"MB",12,0,12,12,9.029,2.971
"09/06/2011","Rht3","T1+T2",1,8,"MB",12,0,12,12,9.96,2.04
"18/04/2011","Rht3","T1+T2",1,8,"MB",9,1,12,9.70866141732284,NA,NA
"19/01/2011","Rht3","T1+T2",1,8,"MB",4,1,12,4.47280608171073,0.02,4.45280608171073
"26/05/2011","Rht3","T1+T2",1,8,"MB",12,0,12,12,8.8,3.2
"27/04/2011","Rht3","T1+T2",1,8,"MB",10,1,12,11.1226310311646,7.4,3.72263103116462
"01/06/2011","Rht3","T1+T2",1,9,"MB",NA,NA,NA,NA,NA,NA
"09/06/2011","Rht3","T1+T2",1,9,"MB",NA,NA,NA,NA,NA,NA
"18/04/2011","Rht3","T1+T2",1,9,"MB",8,1,NA,NA,NA,NA
"19/01/2011","Rht3","T1+T2",1,9,"MB",3,1,NA,NA,NA,NA
"26/05/2011","Rht3","T1+T2",1,9,"MB",NA,NA,NA,NA,NA,NA
"27/04/2011","Rht3","T1+T2",1,9,"MB",NA,NA,NA,NA,NA,NA
"01/06/2011","Rht3","T1+T2",1,10,"MB",NA,NA,NA,NA,NA,NA
"09/06/2011","Rht3","T1+T2",1,10,"MB",NA,NA,NA,NA,NA,NA
"18/04/2011","Rht3","T1+T2",1,10,"MB",8,1,NA,NA,NA,NA
"19/01/2011","Rht3","T1+T2",1,10,"MB",3,1,NA,NA,NA,NA
"26/05/2011","Rht3","T1+T2",1,10,"MB",NA,NA,NA,NA,NA,NA
"27/04/2011","Rht3","T1+T2",1,10,"MB",NA,NA,NA,NA,NA,NA
"01/06/2011","Rht3","T1+T2",1,11,"MB",11,0,11,11,8.097,2.903
"09/06/2011","Rht3","T1+T2",1,11,"MB",11,0,11,11,9.03,1.97
"18/04/2011","Rht3","T1+T2",1,11,"MB",8,1,11,8.95375722543353,NA,NA
"19/01/2011","Rht3","T1+T2",1,11,"MB",3,1,11,3.56528046705068,0,3.56528046705068
"26/05/2011","Rht3","T1+T2",1,11,"MB",11,0,11,11,8.05,2.95
"27/04/2011","Rht3","T1+T2",1,11,"MB",10,1,11,10.3027027027027,6.2,4.1027027027027
"01/06/2011","Rht3","T1+T2",1,12,"MB",NA,NA,NA,NA,NA,NA
"09/06/2011","Rht3","T1+T2",1,12,"MB",NA,NA,NA,NA,NA,NA
"18/04/2011","Rht3","T1+T2",1,12,"MB",7,1,NA,NA,NA,NA
"19/01/2011","Rht3","T1+T2",1,12,"MB",3,1,NA,NA,NA,NA
"26/05/2011","Rht3","T1+T2",1,12,"MB",NA,NA,NA,NA,NA,NA
"27/04/2011","Rht3","T1+T2",1,12,"MB",NA,NA,NA,NA,NA,NA
"01/06/2011","Rht3","T1+T2",2,13,"MB",11,0,11,11,9.022,1.978
"09/06/2011","Rht3","T1+T2",2,13,"MB",11,0,11,11,9.25,1.75
"18/04/2011","Rht3","T1+T2",2,13,"MB",8,1,11,8.98930481283423,NA,NA
"19/01/2011","Rht3","T1+T2",2,13,"MB",3,1,11,3.47105347955643,0,3.47105347955643
"26/05/2011","Rht3","T1+T2",2,13,"MB",11,0,11,11,7.98,3.02
"27/04/2011","Rht3","T1+T2",2,13,"MB",10,1,11,10.1548387096774,NA,NA
"01/06/2011","Rht3","T1+T2",2,14,"MB",10,0,10,10,NA,NA
"09/06/2011","Rht3","T1+T2",2,14,"MB",10,0,10,10,NA,NA
"18/04/2011","Rht3","T1+T2",2,14,"MB",9,1,10,9.25,NA,NA
"19/01/2011","Rht3","T1+T2",2,14,"MB",3,1,10,3.34472013394113,0.05,3.29472013394113
"26/05/2011","Rht3","T1+T2",2,14,"MB",10,0,10,10,8.13,1.87
"27/04/2011","Rht3","T1+T2",2,14,"MB",9,1,10,9.95,NA,NA
"01/06/2011","Rht3","T1+T2",2,15,"MB",NA,NA,NA,NA,NA,NA
"09/06/2011","Rht3","T1+T2",2,15,"MB",NA,NA,NA,NA,NA,NA
"18/04/2011","Rht3","T1+T2",2,15,"MB",NA,NA,NA,NA,NA,NA
"19/01/2011","Rht3","T1+T2",2,15,"MB",3,1,NA,NA,NA,NA
"26/05/2011","Rht3","T1+T2",2,15,"MB",NA,NA,NA,NA,NA,NA
"27/04/2011","Rht3","T1+T2",2,15,"MB",NA,NA,NA,NA,NA,NA
"01/06/2011","Rht3","T1+T2",2,16,"MB",NA,NA,NA,NA,NA,NA
"09/06/2011","Rht3","T1+T2",2,16,"MB",NA,NA,NA,NA,NA,NA
"18/04/2011","Rht3","T1+T2",2,16,"MB",9,1,NA,NA,NA,NA
"19/01/2011","Rht3","T1+T2",2,16,"MB",3,1,NA,NA,NA,NA
"26/05/2011","Rht3","T1+T2",2,16,"MB",NA,NA,NA,NA,NA,NA
"27/04/2011","Rht3","T1+T2",2,16,"MB",9,1,NA,NA,NA,NA
"01/06/2011","Rht3","T1+T2",2,17,"MB",11,0,11,11,8.115,2.885
"09/06/2011","Rht3","T1+T2",2,17,"MB",11,0,11,11,9.19,1.81
"18/04/2011","Rht3","T1+T2",2,17,"MB",9,1,11,9.14084507042254,NA,NA
"19/01/2011","Rht3","T1+T2",2,17,"MB",3,1,11,3.52772088475282,0,3.52772088475282
"26/05/2011","Rht3","T1+T2",2,17,"MB",11,0,11,11,8.09,2.91
"27/04/2011","Rht3","T1+T2",2,17,"MB",10,1,11,10.2937062937063,NA,NA
"01/06/2011","Rht3","T1+T2",2,18,"MB",NA,NA,NA,NA,NA,NA
"09/06/2011","Rht3","T1+T2",2,18,"MB",NA,NA,NA,NA,NA,NA
"18/04/2011","Rht3","T1+T2",2,18,"MB",NA,NA,NA,NA,NA,NA
"19/01/2011","Rht3","T1+T2",2,18,"MB",3,1,NA,NA,NA,NA
"26/05/2011","Rht3","T1+T2",2,18,"MB",NA,NA,NA,NA,NA,NA
"27/04/2011","Rht3","T1+T2",2,18,"MB",NA,NA,NA,NA,NA,NA
"01/06/2011","Rht3","T1+T2",2,19,"MB",11,0,11,11,8.17,2.83
"09/06/2011","Rht3","T1+T2",2,19,"MB",11,0,11,11,10,1
"18/04/2011","Rht3","T1+T2",2,19,"MB",8,1,11,8.86309523809524,NA,NA
"19/01/2011","Rht3","T1+T2",2,19,"MB",3,1,11,3.33679507573609,0.1,3.23679507573609
"26/05/2011","Rht3","T1+T2",2,19,"MB",11,0,11,11,8.26,2.74
"27/04/2011","Rht3","T1+T2",2,19,"MB",10,1,11,10.2428571428571,NA,NA
"01/06/2011","Rht3","T1+T2",2,20,"MB",NA,NA,NA,NA,NA,NA
"09/06/2011","Rht3","T1+T2",2,20,"MB",NA,NA,NA,NA,NA,NA
"18/04/2011","Rht3","T1+T2",2,20,"MB",NA,NA,NA,NA,NA,NA
"19/01/2011","Rht3","T1+T2",2,20,"MB",3,1,NA,NA,NA,NA
"26/05/2011","Rht3","T1+T2",2,20,"MB",NA,NA,NA,NA,NA,NA
"27/04/2011","Rht3","T1+T2",2,20,"MB",NA,NA,NA,NA,NA,NA
"01/06/2011","Rht3","T1+T2",2,21,"MB",12,0,12,12,9.038,2.962
"09/06/2011","Rht3","T1+T2",2,21,"MB",12,0,12,12,9.38,2.62
"18/04/2011","Rht3","T1+T2",2,21,"MB",9,1,12,10,NA,NA
"19/01/2011","Rht3","T1+T2",2,21,"MB",3,1,12,3.5475056630438,0.4,3.1475056630438
"26/05/2011","Rht3","T1+T2",2,21,"MB",12,0,12,12,9.09,2.91
"27/04/2011","Rht3","T1+T2",2,21,"MB",11,1,12,11.2592592592593,NA,NA
"01/06/2011","Rht3","T1+T2",2,22,"MB",10,1,11,NA,8.112,NA
"09/06/2011","Rht3","T1+T2",2,22,"MB",11,0,11,11,9.85,1.15
"18/04/2011","Rht3","T1+T2",2,22,"MB",9,1,11,9.35010940919037,NA,NA
"19/01/2011","Rht3","T1+T2",2,22,"MB",3,1,11,3.42307928062192,0,3.42307928062192
"26/05/2011","Rht3","T1+T2",2,22,"MB",10,1,11,NA,8.24,NA
"27/04/2011","Rht3","T1+T2",2,22,"MB",10,1,11,10.5482936405899,NA,NA
"01/06/2011","Rht3","T1+T2",2,23,"MB",11,0,11,11,8.132,2.868
"09/06/2011","Rht3","T1+T2",2,23,"MB",11,0,11,11,10.2,0.800000000000001
"18/04/2011","Rht3","T1+T2",2,23,"MB",9,1,11,9.2158273381295,NA,NA
"19/01/2011","Rht3","T1+T2",2,23,"MB",3,1,11,3.3281896237494,0,3.3281896237494
"26/05/2011","Rht3","T1+T2",2,23,"MB",11,0,11,11,8.05,2.95
"27/04/2011","Rht3","T1+T2",2,23,"MB",10,1,11,10.2739726027397,NA,NA
"01/06/2011","Rht3","T1+T2",2,24,"MB",NA,NA,NA,NA,NA,NA
"09/06/2011","Rht3","T1+T2",2,24,"MB",NA,NA,NA,NA,NA,NA
"18/04/2011","Rht3","T1+T2",2,24,"MB",7,1,NA,NA,NA,NA
"19/01/2011","Rht3","T1+T2",2,24,"MB",3,1,NA,NA,NA,NA
"26/05/2011","Rht3","T1+T2",2,24,"MB",NA,NA,NA,NA,NA,NA
"27/04/2011","Rht3","T1+T2",2,24,"MB",7,1,NA,NA,NA,NA
"01/06/2011","Rht3","T1+T2",3,25,"MB",11,0,11,11,9.024,1.976
"09/06/2011","Rht3","T1+T2",3,25,"MB",11,0,11,11,9.45,1.55
"18/04/2011","Rht3","T1+T2",3,25,"MB",9,1,11,9.35087719298246,NA,NA
"19/01/2011","Rht3","T1+T2",3,25,"MB",3,1,11,3.33160525124927,0,3.33160525124927
"26/05/2011","Rht3","T1+T2",3,25,"MB",11,0,11,11,9.04,1.96
"27/04/2011","Rht3","T1+T2",3,25,"MB",10,1,11,10.5578231292517,NA,NA
"01/06/2011","Rht3","T1+T2",3,26,"MB",12,0,12,12,9.03,2.97
"09/06/2011","Rht3","T1+T2",3,26,"MB",12,0,12,12,9.71,2.29
"18/04/2011","Rht3","T1+T2",3,26,"MB",9,1,12,9.93922651933702,NA,NA
"19/01/2011","Rht3","T1+T2",3,26,"MB",3,1,12,3.617008198268,0,3.617008198268
"26/05/2011","Rht3","T1+T2",3,26,"MB",12,0,12,12,9.02,2.98
"27/04/2011","Rht3","T1+T2",3,26,"MB",11,1,12,11.3387096774194,NA,NA
"01/06/2011","Rht3","T1+T2",3,27,"MB",11,0,11,11,8.23,2.77
"09/06/2011","Rht3","T1+T2",3,27,"MB",11,0,11,11,9.18,1.82
"18/04/2011","Rht3","T1+T2",3,27,"MB",9,1,11,9.2803738317757,NA,NA
"19/01/2011","Rht3","T1+T2",3,27,"MB",3,1,11,3.47605800008297,0.15,3.32605800008297
"26/05/2011","Rht3","T1+T2",3,27,"MB",11,0,11,11,8.15,2.85
"27/04/2011","Rht3","T1+T2",3,27,"MB",10,1,11,10.3862068965517,NA,NA
"01/06/2011","Rht3","T1+T2",3,28,"MB",12,0,12,12,9.089,2.911
"09/06/2011","Rht3","T1+T2",3,28,"MB",12,0,12,12,10.36,1.64
"18/04/2011","Rht3","T1+T2",3,28,"MB",9,1,12,9.94444444444444,NA,NA
"19/01/2011","Rht3","T1+T2",3,28,"MB",3,1,12,NA,0.05,NA
"26/05/2011","Rht3","T1+T2",3,28,"MB",12,0,12,12,8.74,3.26
"27/04/2011","Rht3","T1+T2",3,28,"MB",11,1,12,11.4344827586207,NA,NA
"01/06/2011","Rht3","T1+T2",3,29,"MB",11,0,11,11,8.167,2.833
"09/06/2011","Rht3","T1+T2",3,29,"MB",11,0,11,11,9.25,1.75
"18/04/2011","Rht3","T1+T2",3,29,"MB",9,1,11,9.29339853300733,NA,NA
"19/01/2011","Rht3","T1+T2",3,29,"MB",3,1,11,3.34795629321105,0.1,3.24795629321105
"26/05/2011","Rht3","T1+T2",3,29,"MB",11,0,11,11,8.33,2.67
"27/04/2011","Rht3","T1+T2",3,29,"MB",10,1,11,10.36,NA,NA
"01/06/2011","Rht3","T1+T2",3,30,"MB",11,0,11,11,8.026,2.974
"09/06/2011","Rht3","T1+T2",3,30,"MB",11,0,11,11,8.9,2.1
"18/04/2011","Rht3","T1+T2",3,30,"MB",9,1,11,9.30150753768844,NA,NA
"19/01/2011","Rht3","T1+T2",3,30,"MB",3,1,11,3.49315433909948,0.1,3.39315433909948
"26/05/2011","Rht3","T1+T2",3,30,"MB",11,0,11,11,7.79,3.21
"27/04/2011","Rht3","T1+T2",3,30,"MB",10,1,11,10.469387755102,NA,NA
"01/06/2011","Rht3","T1+T2",3,31,"MB",11,0,11,11,8.173,2.827
"09/06/2011","Rht3","T1+T2",3,31,"MB",11,0,11,11,9.27,1.73
"18/04/2011","Rht3","T1+T2",3,31,"MB",9,1,11,9.4954954954955,NA,NA
"19/01/2011","Rht3","T1+T2",3,31,"MB",3,1,11,3.67342621750373,0.1,3.57342621750373
"26/05/2011","Rht3","T1+T2",3,31,"MB",11,0,11,11,8.13,2.87
"27/04/2011","Rht3","T1+T2",3,31,"MB",10,1,11,10.581112559574,NA,NA
"01/06/2011","Rht3","T1+T2",3,32,"MB",11,0,11,11,8.017,2.983
"09/06/2011","Rht3","T1+T2",3,32,"MB",11,0,11,11,8.94,2.06
"18/04/2011","Rht3","T1+T2",3,32,"MB",8,1,11,8.98837209302326,NA,NA
"19/01/2011","Rht3","T1+T2",3,32,"MB",3,1,11,3.58145518077515,0,3.58145518077515
"26/05/2011","Rht3","T1+T2",3,32,"MB",11,0,11,11,7.21,3.79
"27/04/2011","Rht3","T1+T2",3,32,"MB",10,1,11,10.3642857142857,NA,NA
"01/06/2011","Rht3","T1+T2",3,33,"MB",11,0,11,11,9.008,1.992
"09/06/2011","Rht3","T1+T2",3,33,"MB",11,0,11,11,9.06,1.94
"18/04/2011","Rht3","T1+T2",3,33,"MB",8,1,11,8.97493036211699,NA,NA
"19/01/2011","Rht3","T1+T2",3,33,"MB",3,1,11,3.45206881470775,0.05,3.40206881470775
"26/05/2011","Rht3","T1+T2",3,33,"MB",11,0,11,11,9.04,1.96
"27/04/2011","Rht3","T1+T2",3,33,"MB",9,1,11,10.0581395348837,NA,NA
"01/06/2011","Rht3","T1+T2",3,34,"MB",11,0,11,11,8.065,2.935
"09/06/2011","Rht3","T1+T2",3,34,"MB",11,0,11,11,9.14,1.86
"18/04/2011","Rht3","T1+T2",3,34,"MB",9,1,11,9.5793991416309,NA,NA
"19/01/2011","Rht3","T1+T2",3,34,"MB",3,1,11,3.58735520256432,0,3.58735520256432
"26/05/2011","Rht3","T1+T2",3,34,"MB",11,0,11,11,8.13,2.87
"27/04/2011","Rht3","T1+T2",3,34,"MB",10,1,11,10.6685082872928,NA,NA
"01/06/2011","Rht3","T1+T2",3,35,"MB",11,0,11,11,8.026,2.974
"09/06/2011","Rht3","T1+T2",3,35,"MB",11,0,11,11,8.48,2.52
"18/04/2011","Rht3","T1+T2",3,35,"MB",9,1,11,9.34567901234568,NA,NA
"19/01/2011","Rht3","T1+T2",3,35,"MB",3,1,11,3.55713635545779,0.02,3.53713635545779
"26/05/2011","Rht3","T1+T2",3,35,"MB",11,0,11,11,8.09,2.91
"27/04/2011","Rht3","T1+T2",3,35,"MB",10,1,11,10.54,NA,NA
"01/06/2011","Rht3","T1+T2",3,36,"MB",12,0,12,12,8.527,3.473
"09/06/2011","Rht3","T1+T2",3,36,"MB",12,0,12,12,9.8,2.2
"18/04/2011","Rht3","T1+T2",3,36,"MB",9,1,12,9.79800498753117,NA,NA
"19/01/2011","Rht3","T1+T2",3,36,"MB",3,1,12,NA,0.1,NA
"26/05/2011","Rht3","T1+T2",3,36,"MB",12,0,12,12,8.41,3.59
"27/04/2011","Rht3","T1+T2",3,36,"MB",10,1,12,11.002901470041,NA,NA
"02/04/2012","Tremie12","T1+T2",1,1,"MB",9,1,12,9.92827004219409,6.65,3.27827004219409
"09/05/2012","Tremie12","T1+T2",1,1,"MB",12,0,12,12,7.65,4.35
"11/04/2012","Tremie12","T1+T2",1,1,"MB",10,1,12,10.6535433070866,7.05,3.60354330708661
"12/06/2012","Tremie12","T1+T2",1,1,"MB",12,0,12,12,11.1,0.9
"02/04/2012","Tremie12","T1+T2",1,2,"MB",9,1,12,9.84395604395604,6.43,3.41395604395604
"09/05/2012","Tremie12","T1+T2",1,2,"MB",12,0,12,12,7.32,4.68
"11/04/2012","Tremie12","T1+T2",1,2,"MB",10,1,12,10.5632653061224,7.05,3.51326530612245
"12/06/2012","Tremie12","T1+T2",1,2,"MB",12,0,12,12,11.25,0.75
"02/04/2012","Tremie12","T1+T2",1,3,"MB",9,1,12,9.97950819672131,6.98,2.99950819672131
"09/05/2012","Tremie12","T1+T2",1,3,"MB",12,0,12,12,7.87,4.13
"11/04/2012","Tremie12","T1+T2",1,3,"MB",10,1,12,10.7584905660377,7.1,3.65849056603774
"12/06/2012","Tremie12","T1+T2",1,3,"MB",12,0,12,12,11.1,0.9
"02/04/2012","Tremie12","T1+T2",1,4,"MB",9,1,13,9.95555555555556,7.3,2.65555555555556
"09/05/2012","Tremie12","T1+T2",1,4,"MB",13,0,13,13,8.2,4.8
"11/04/2012","Tremie12","T1+T2",1,4,"MB",10,1,13,10.8913043478261,7.1,3.79130434782609
"12/06/2012","Tremie12","T1+T2",1,4,"MB",13,0,13,13,11.8,1.2
"02/04/2012","Tremie12","T1+T2",1,5,"MB",9,1,13,9.81,6.72,3.09
"09/05/2012","Tremie12","T1+T2",1,5,"MB",13,0,13,13,8.42,4.58
"11/04/2012","Tremie12","T1+T2",1,5,"MB",10,1,13,10.7333333333333,7.05,3.68333333333333
"12/06/2012","Tremie12","T1+T2",1,5,"MB",13,0,13,13,11.9,1.1
"02/04/2012","Tremie12","T1+T2",1,6,"MB",10,1,13,10.6739130434783,NA,NA
"09/05/2012","Tremie12","T1+T2",1,6,"MB",13,0,13,13,8.77,4.23
"11/04/2012","Tremie12","T1+T2",1,6,"MB",11,1,13,11.3827160493827,7.25,4.13271604938272
"12/06/2012","Tremie12","T1+T2",1,6,"MB",13,0,13,13,12,1
"02/04/2012","Tremie12","T1+T2",1,7,"MB",10,1,13,10.5431578947368,6.7,3.84315789473684
"09/05/2012","Tremie12","T1+T2",1,7,"MB",13,0,13,13,8.25,4.75
"11/04/2012","Tremie12","T1+T2",1,7,"MB",11,1,13,11.3090909090909,7.05,4.25909090909091
"12/06/2012","Tremie12","T1+T2",1,7,"MB",13,0,13,13,11.85,1.15
"02/04/2012","Tremie12","T1+T2",1,8,"MB",9,1,12,9.77802197802198,NA,NA
"09/05/2012","Tremie12","T1+T2",1,8,"MB",12,0,12,12,8.17,3.83
"11/04/2012","Tremie12","T1+T2",1,8,"MB",10,1,12,10.5161290322581,7.05,3.46612903225806
"12/06/2012","Tremie12","T1+T2",1,8,"MB",12,0,12,12,11.25,0.75
"02/04/2012","Tremie12","T1+T2",1,9,"MB",9,1,13,9.71207430340557,7.4,2.31207430340557
"09/05/2012","Tremie12","T1+T2",1,9,"MB",13,0,13,13,7.82,5.18
"11/04/2012","Tremie12","T1+T2",1,9,"MB",10,1,13,10.4713375796178,7.25,3.22133757961783
"12/06/2012","Tremie12","T1+T2",1,9,"MB",13,0,13,13,11.3,1.7
"02/04/2012","Tremie12","T1+T2",1,10,"MB",9,1,13,9.81735159817352,7,2.81735159817352
"09/05/2012","Tremie12","T1+T2",1,10,"MB",13,0,13,13,8.62,4.38
"11/04/2012","Tremie12","T1+T2",1,10,"MB",10,1,13,10.6790697674419,7.25,3.42906976744186
"12/06/2012","Tremie12","T1+T2",1,10,"MB",13,0,13,13,11.7,1.3
"02/04/2012","Tremie12","T1+T2",2,11,"MB",10,1,13,10.6725274725275,6.9,3.77252747252747
"09/05/2012","Tremie12","T1+T2",2,11,"MB",13,0,13,13,8.42,4.58
"11/04/2012","Tremie12","T1+T2",2,11,"MB",11,1,13,11.4059405940594,7.3,4.10594059405941
"12/06/2012","Tremie12","T1+T2",2,11,"MB",13,0,13,13,11.75,1.25
"02/04/2012","Tremie12","T1+T2",2,12,"MB",9,2,12,NA,6.95,NA
"09/05/2012","Tremie12","T1+T2",2,12,"MB",12,0,12,12,7.65,4.35
"11/04/2012","Tremie12","T1+T2",2,12,"MB",10,1,12,10.7883817427386,7.05,3.73838174273859
"12/06/2012","Tremie12","T1+T2",2,12,"MB",12,0,12,12,10.95,1.05
"02/04/2012","Tremie12","T1+T2",2,13,"MB",9,1,12,9.6977886977887,7.2,2.4977886977887
"09/05/2012","Tremie12","T1+T2",2,13,"MB",12,0,12,12,8.15,3.85
"11/04/2012","Tremie12","T1+T2",2,13,"MB",10,1,12,10.53125,7.05,3.48125
"12/06/2012","Tremie12","T1+T2",2,13,"MB",12,0,12,12,11.1,0.9
"02/04/2012","Tremie12","T1+T2",2,14,"MB",9,2,12,NA,6.4,NA
"09/05/2012","Tremie12","T1+T2",2,14,"MB",12,0,12,12,8.4,3.6
"11/04/2012","Tremie12","T1+T2",2,14,"MB",10,1,12,10.9798387096774,7.3,3.67983870967742
"12/06/2012","Tremie12","T1+T2",2,14,"MB",12,0,12,12,11.4,0.6
"02/04/2012","Tremie12","T1+T2",2,15,"MB",10,1,12,10.4847396768402,6.2,4.28473967684022
"09/05/2012","Tremie12","T1+T2",2,15,"MB",12,0,12,12,8.3,3.7
"11/04/2012","Tremie12","T1+T2",2,15,"MB",11,1,12,11.1,7.2,3.9
"12/06/2012","Tremie12","T1+T2",2,15,"MB",12,0,12,12,11.55,0.449999999999999
"02/04/2012","Tremie12","T1+T2",2,16,"MB",9,2,12,NA,6.5,NA
"09/05/2012","Tremie12","T1+T2",2,16,"MB",12,0,12,12,8.65,3.35
"11/04/2012","Tremie12","T1+T2",2,16,"MB",10,1,12,11.1974789915966,7.25,3.94747899159664
"12/06/2012","Tremie12","T1+T2",2,16,"MB",12,0,12,12,11.05,0.949999999999999
"02/04/2012","Tremie12","T1+T2",2,17,"MB",10,1,13,10.7032967032967,7,3.7032967032967
"09/05/2012","Tremie12","T1+T2",2,17,"MB",13,0,13,13,8.35,4.65
"11/04/2012","Tremie12","T1+T2",2,17,"MB",11,1,13,11.4207920792079,7.95,3.47079207920792
"12/06/2012","Tremie12","T1+T2",2,17,"MB",13,0,13,13,12.05,0.949999999999999
"02/04/2012","Tremie12","T1+T2",2,18,"MB",10,1,13,10.6294416243655,7.05,3.57944162436548
"09/05/2012","Tremie12","T1+T2",2,18,"MB",13,0,13,13,NA,NA
"11/04/2012","Tremie12","T1+T2",2,18,"MB",11,1,13,11.4173913043478,7.3,4.11739130434783
"12/06/2012","Tremie12","T1+T2",2,18,"MB",13,0,13,13,12.04,0.960000000000001
"02/04/2012","Tremie12","T1+T2",2,19,"MB",9,1,13,9.82380952380952,6.2,3.62380952380952
"09/05/2012","Tremie12","T1+T2",2,19,"MB",13,0,13,13,8.12,4.88
"11/04/2012","Tremie12","T1+T2",2,19,"MB",10,1,13,10.78,7.2,3.58
"12/06/2012","Tremie12","T1+T2",2,19,"MB",13,0,13,13,12,1
"02/04/2012","Tremie12","T1+T2",2,20,"MB",10,1,12,10.4779411764706,7.1,3.37794117647059
"09/05/2012","Tremie12","T1+T2",2,20,"MB",12,0,12,12,8.42,3.58
"11/04/2012","Tremie12","T1+T2",2,20,"MB",10,1,12,11.0220588235294,7.45,3.57205882352941
"12/06/2012","Tremie12","T1+T2",2,20,"MB",12,0,12,12,11.55,0.449999999999999
"02/04/2012","Tremie12","T1+T2",3,21,"MB",9,2,13,NA,7.1,NA
"09/05/2012","Tremie12","T1+T2",3,21,"MB",13,0,13,13,8.3,4.7
"11/04/2012","Tremie12","T1+T2",3,21,"MB",11,1,13,11.2369668246445,7.2,4.03696682464455
"12/06/2012","Tremie12","T1+T2",3,21,"MB",13,0,13,13,11.65,1.35
"02/04/2012","Tremie12","T1+T2",3,22,"MB",10,1,13,10.5284552845528,6.8,3.72845528455285
"09/05/2012","Tremie12","T1+T2",3,22,"MB",13,0,13,13,7.75,5.25
"11/04/2012","Tremie12","T1+T2",3,22,"MB",11,1,13,11.2978723404255,7.05,4.24787234042553
"12/06/2012","Tremie12","T1+T2",3,22,"MB",13,0,13,13,12,1
"02/04/2012","Tremie12","T1+T2",3,23,"MB",10,1,12,10.4416058394161,6.9,3.54160583941606
"09/05/2012","Tremie12","T1+T2",3,23,"MB",12,0,12,12,8.3,3.7
"11/04/2012","Tremie12","T1+T2",3,23,"MB",11,0,12,NA,7.2,NA
"12/06/2012","Tremie12","T1+T2",3,23,"MB",12,0,12,12,11.8,0.199999999999999
"02/04/2012","Tremie12","T1+T2",3,24,"MB",10,1,13,10.6349206349206,7,3.63492063492063
"09/05/2012","Tremie12","T1+T2",3,24,"MB",13,0,13,13,8.45,4.55
"11/04/2012","Tremie12","T1+T2",3,24,"MB",11,1,13,11.3640167364017,7.15,4.21401673640167
"12/06/2012","Tremie12","T1+T2",3,24,"MB",13,0,13,13,12.25,0.75
"02/04/2012","Tremie12","T1+T2",3,25,"MB",9,2,13,NA,6.4,NA
"09/05/2012","Tremie12","T1+T2",3,25,"MB",13,0,13,13,7.97,5.03
"11/04/2012","Tremie12","T1+T2",3,25,"MB",10,1,13,10.9695652173913,7.05,3.9195652173913
"12/06/2012","Tremie12","T1+T2",3,25,"MB",13,0,13,13,11.4,1.6
"02/04/2012","Tremie12","T1+T2",3,26,"MB",9,1,13,9.75132275132275,7,2.75132275132275
"09/05/2012","Tremie12","T1+T2",3,26,"MB",13,0,13,13,8.52,4.48
"11/04/2012","Tremie12","T1+T2",3,26,"MB",10,1,13,10.725,7,3.725
"12/06/2012","Tremie12","T1+T2",3,26,"MB",13,0,13,13,12.05,0.949999999999999
"02/04/2012","Tremie12","T1+T2",3,27,"MB",9,1,13,9.88659793814433,7,2.88659793814433
"09/05/2012","Tremie12","T1+T2",3,27,"MB",13,0,13,13,8.05,4.95
"11/04/2012","Tremie12","T1+T2",3,27,"MB",10,1,13,10.8255319148936,7.05,3.77553191489362
"12/06/2012","Tremie12","T1+T2",3,27,"MB",13,0,13,13,11.3,1.7
"02/04/2012","Tremie12","T1+T2",3,28,"MB",9,2,13,NA,7,NA
"09/05/2012","Tremie12","T1+T2",3,28,"MB",13,0,13,13,8,5
"11/04/2012","Tremie12","T1+T2",3,28,"MB",11,1,13,11.1627906976744,7.1,4.06279069767442
"12/06/2012","Tremie12","T1+T2",3,28,"MB",13,0,13,13,11.85,1.15
"02/04/2012","Tremie12","T1+T2",3,29,"MB",10,1,13,10.25,7,3.25
"09/05/2012","Tremie12","T1+T2",3,29,"MB",13,0,13,13,7.37,5.63
"11/04/2012","Tremie12","T1+T2",3,29,"MB",10,1,13,10.9772727272727,7.05,3.92727272727273
"12/06/2012","Tremie12","T1+T2",3,29,"MB",13,0,13,13,11.9,1.1
"02/04/2012","Tremie12","T1+T2",3,30,"MB",10,1,13,10.5373134328358,7.05,3.48731343283582
"09/05/2012","Tremie12","T1+T2",3,30,"MB",13,0,13,13,8.3,4.7
"11/04/2012","Tremie12","T1+T2",3,30,"MB",11,1,13,11.31,7.1,4.21
"12/06/2012","Tremie12","T1+T2",3,30,"MB",13,0,13,13,11.95,1.05
"02/05/2013","Tremie13","T1+T2",1,1,"MB",9,1,12,9.9253112033195,6.95,2.9753112033195
"02/07/2013","Tremie13","T1+T2",1,1,"MB",12,0,12,12,11.47,0.529999999999999
"03/06/2013","Tremie13","T1+T2",1,1,"MB",12,0,12,12,7.9,4.1
"08/07/2013","Tremie13","T1+T2",1,1,"MB",12,0,12,12,12,0
"11/06/2013","Tremie13","T1+T2",1,1,"MB",12,0,12,12,8.7,3.3
"13/02/2013","Tremie13","T1+T2",1,1,"MB",4,1,12,4.76282877742394,NA,NA
"15/07/2013","Tremie13","T1+T2",1,1,"MB",12,0,12,12,12,0
"17/06/2013","Tremie13","T1+T2",1,1,"MB",12,0,12,12,10.06,1.94
"19/04/2013","Tremie13","T1+T2",1,1,"MB",8,1,12,8.63829787234043,5.7,2.93829787234043
"22/05/2013","Tremie13","T1+T2",1,1,"MB",12,0,12,12,7.5,4.5
"24/06/2013","Tremie13","T1+T2",1,1,"MB",12,0,12,12,10.67,1.33
"27/05/2013","Tremie13","T1+T2",1,1,"MB",12,0,12,12,7.51,4.49
"29/05/2013","Tremie13","T1+T2",1,1,"MB",12,0,12,12,7.51,4.49
"02/05/2013","Tremie13","T1+T2",1,2,"MB",9,1,11,9.82101167315175,6.6,3.22101167315175
"02/07/2013","Tremie13","T1+T2",1,2,"MB",11,0,11,11,11,0
"03/06/2013","Tremie13","T1+T2",1,2,"MB",11,0,11,11,7.69,3.31
"08/07/2013","Tremie13","T1+T2",1,2,"MB",11,0,11,11,11,0
"11/06/2013","Tremie13","T1+T2",1,2,"MB",11,0,11,11,8.4,2.6
"13/02/2013","Tremie13","T1+T2",1,2,"MB",4,1,11,4.49365478437743,NA,NA
"15/07/2013","Tremie13","T1+T2",1,2,"MB",11,0,11,11,11,0
"17/06/2013","Tremie13","T1+T2",1,2,"MB",11,0,11,11,8.8,2.2
"19/04/2013","Tremie13","T1+T2",1,2,"MB",8,1,11,8.65843621399177,5.7,2.95843621399177
"22/05/2013","Tremie13","T1+T2",1,2,"MB",11,0,11,11,7.61,3.39
"24/06/2013","Tremie13","T1+T2",1,2,"MB",11,0,11,11,10.3,0.699999999999999
"27/05/2013","Tremie13","T1+T2",1,2,"MB",11,0,11,11,7.55,3.45
"29/05/2013","Tremie13","T1+T2",1,2,"MB",11,0,11,11,7.55,3.45
"02/05/2013","Tremie13","T1+T2",1,3,"MB",9,1,11,9.64393939393939,6.55,3.09393939393939
"02/07/2013","Tremie13","T1+T2",1,3,"MB",11,0,11,11,10.9,0.0999999999999996
"03/06/2013","Tremie13","T1+T2",1,3,"MB",11,0,11,11,8.01,2.99
"08/07/2013","Tremie13","T1+T2",1,3,"MB",11,0,11,11,11,0
"11/06/2013","Tremie13","T1+T2",1,3,"MB",11,0,11,11,8.21,2.79
"13/02/2013","Tremie13","T1+T2",1,3,"MB",4,1,11,NA,NA,NA
"15/07/2013","Tremie13","T1+T2",1,3,"MB",11,0,11,11,11,0
"17/06/2013","Tremie13","T1+T2",1,3,"MB",11,0,11,11,9.28,1.72
"19/04/2013","Tremie13","T1+T2",1,3,"MB",8,1,11,8.51224944320713,6,2.51224944320713
"22/05/2013","Tremie13","T1+T2",1,3,"MB",11,0,11,11,7.6,3.4
"24/06/2013","Tremie13","T1+T2",1,3,"MB",11,0,11,11,10.35,0.65
"27/05/2013","Tremie13","T1+T2",1,3,"MB",11,0,11,11,7.4,3.6
"29/05/2013","Tremie13","T1+T2",1,3,"MB",11,0,11,11,7.4,3.6
"02/05/2013","Tremie13","T1+T2",1,4,"MB",9,1,11,9.42396313364055,6.42,3.00396313364055
"02/07/2013","Tremie13","T1+T2",1,4,"MB",11,0,11,11,10.95,0.0500000000000007
"03/06/2013","Tremie13","T1+T2",1,4,"MB",11,0,11,11,7.55,3.45
"08/07/2013","Tremie13","T1+T2",1,4,"MB",11,0,11,11,11,0
"11/06/2013","Tremie13","T1+T2",1,4,"MB",11,0,11,11,8.77,2.23
"13/02/2013","Tremie13","T1+T2",1,4,"MB",4,1,11,4.66400452486043,NA,NA
"15/07/2013","Tremie13","T1+T2",1,4,"MB",11,0,11,11,11,0
"17/06/2013","Tremie13","T1+T2",1,4,"MB",11,0,11,11,8.53,2.47
"19/04/2013","Tremie13","T1+T2",1,4,"MB",7,2,11,8.1337752517602,5.4,2.7337752517602
"22/05/2013","Tremie13","T1+T2",1,4,"MB",11,0,11,11,7.2,3.8
"24/06/2013","Tremie13","T1+T2",1,4,"MB",11,0,11,11,8.78,2.22
"27/05/2013","Tremie13","T1+T2",1,4,"MB",11,0,11,11,7.2,3.8
"29/05/2013","Tremie13","T1+T2",1,4,"MB",11,0,11,11,7.2,3.8
"02/05/2013","Tremie13","T1+T2",1,5,"MB",8,2,11,9.49065359477124,6.15,3.34065359477124
"02/07/2013","Tremie13","T1+T2",1,5,"MB",11,0,11,11,11,0
"03/06/2013","Tremie13","T1+T2",1,5,"MB",11,0,11,11,7.46,3.54
"08/07/2013","Tremie13","T1+T2",1,5,"MB",11,0,11,11,11,0
"11/06/2013","Tremie13","T1+T2",1,5,"MB",11,0,11,11,8.15,2.85
"13/02/2013","Tremie13","T1+T2",1,5,"MB",4,2,11,NA,0.6,NA
"15/07/2013","Tremie13","T1+T2",1,5,"MB",11,0,11,11,11,0
"17/06/2013","Tremie13","T1+T2",1,5,"MB",11,0,11,11,8.86,2.14
"19/04/2013","Tremie13","T1+T2",1,5,"MB",7,2,11,8.35592085235921,5.5,2.85592085235921
"22/05/2013","Tremie13","T1+T2",1,5,"MB",11,0,11,11,7.2,3.8
"24/06/2013","Tremie13","T1+T2",1,5,"MB",11,0,11,11,10.2,0.800000000000001
"27/05/2013","Tremie13","T1+T2",1,5,"MB",11,0,11,11,7.2,3.8
"29/05/2013","Tremie13","T1+T2",1,5,"MB",11,0,11,11,7.2,3.8
"02/05/2013","Tremie13","T1+T2",1,6,"MB",8,2,11,9.44902487944352,6.2,3.24902487944352
"02/07/2013","Tremie13","T1+T2",1,6,"MB",11,0,11,11,10.55,0.449999999999999
"03/06/2013","Tremie13","T1+T2",1,6,"MB",11,0,11,11,7.43,3.57
"08/07/2013","Tremie13","T1+T2",1,6,"MB",11,0,11,11,11,0
"11/06/2013","Tremie13","T1+T2",1,6,"MB",11,0,11,11,9.15,1.85
"13/02/2013","Tremie13","T1+T2",1,6,"MB",4,2,11,NA,0,NA
"15/07/2013","Tremie13","T1+T2",1,6,"MB",11,0,11,11,11,0
"17/06/2013","Tremie13","T1+T2",1,6,"MB",11,0,11,11,8.64,2.36
"19/04/2013","Tremie13","T1+T2",1,6,"MB",7,2,11,8.32538182963313,5.4,2.92538182963313
"22/05/2013","Tremie13","T1+T2",1,6,"MB",11,0,11,11,7.2,3.8
"24/06/2013","Tremie13","T1+T2",1,6,"MB",11,0,11,11,9.72,1.28
"27/05/2013","Tremie13","T1+T2",1,6,"MB",11,0,11,11,7.2,3.8
"29/05/2013","Tremie13","T1+T2",1,6,"MB",11,0,11,11,7.2,3.8
"02/05/2013","Tremie13","T1+T2",1,7,"MB",9,2,12,10.3828438487151,7,3.3828438487151
"02/07/2013","Tremie13","T1+T2",1,7,"MB",12,0,12,12,11.95,0.0500000000000007
"03/06/2013","Tremie13","T1+T2",1,7,"MB",12,0,12,12,8.19,3.81
"08/07/2013","Tremie13","T1+T2",1,7,"MB",12,0,12,12,12,0
"11/06/2013","Tremie13","T1+T2",1,7,"MB",12,0,12,12,8.58,3.42
"13/02/2013","Tremie13","T1+T2",1,7,"MB",4,1,12,4.64913939500781,NA,NA
"15/07/2013","Tremie13","T1+T2",1,7,"MB",12,0,12,12,12,0
"17/06/2013","Tremie13","T1+T2",1,7,"MB",12,0,12,12,10.16,1.84
"19/04/2013","Tremie13","T1+T2",1,7,"MB",8,1,12,8.76363636363636,NA,NA
"22/05/2013","Tremie13","T1+T2",1,7,"MB",12,0,12,12,7.85,4.15
"24/06/2013","Tremie13","T1+T2",1,7,"MB",12,0,12,12,10.97,1.03
"27/05/2013","Tremie13","T1+T2",1,7,"MB",12,0,12,12,7.8,4.2
"29/05/2013","Tremie13","T1+T2",1,7,"MB",12,0,12,12,7.8,4.2
"02/05/2013","Tremie13","T1+T2",1,8,"MB",9,2,12,10.4484536082474,7.2,3.24845360824742
"02/07/2013","Tremie13","T1+T2",1,8,"MB",12,0,12,12,12,0
"03/06/2013","Tremie13","T1+T2",1,8,"MB",12,0,12,12,9.36,2.64
"08/07/2013","Tremie13","T1+T2",1,8,"MB",12,0,12,12,12,0
"11/06/2013","Tremie13","T1+T2",1,8,"MB",12,0,12,12,10.1,1.9
"13/02/2013","Tremie13","T1+T2",1,8,"MB",4,1,12,4.79298138609918,NA,NA
"15/07/2013","Tremie13","T1+T2",1,8,"MB",12,0,12,12,12,0
"17/06/2013","Tremie13","T1+T2",1,8,"MB",12,0,12,12,10.78,1.22
"19/04/2013","Tremie13","T1+T2",1,8,"MB",8,2,12,9.26319648093842,6.1,3.16319648093842
"22/05/2013","Tremie13","T1+T2",1,8,"MB",12,0,12,12,8.28,3.72
"24/06/2013","Tremie13","T1+T2",1,8,"MB",12,0,12,12,11.15,0.85
"27/05/2013","Tremie13","T1+T2",1,8,"MB",12,0,12,12,8.6,3.4
"29/05/2013","Tremie13","T1+T2",1,8,"MB",12,0,12,12,8.6,3.4
"02/05/2013","Tremie13","T1+T2",1,9,"MB",9,1,11,9.92430278884462,6.9,3.02430278884462
"02/07/2013","Tremie13","T1+T2",1,9,"MB",11,0,11,11,10.95,0.0500000000000007
"03/06/2013","Tremie13","T1+T2",1,9,"MB",11,0,11,11,8.07,2.93
"08/07/2013","Tremie13","T1+T2",1,9,"MB",11,0,11,11,11,0
"11/06/2013","Tremie13","T1+T2",1,9,"MB",11,0,11,11,9.03,1.97
"13/02/2013","Tremie13","T1+T2",1,9,"MB",4,1,11,4.68237802568113,0.2,4.48237802568113
"15/07/2013","Tremie13","T1+T2",1,9,"MB",11,0,11,11,11,0
"17/06/2013","Tremie13","T1+T2",1,9,"MB",11,0,11,11,9.48,1.52
"19/04/2013","Tremie13","T1+T2",1,9,"MB",8,1,11,8.8294930875576,6.25,2.5794930875576
"22/05/2013","Tremie13","T1+T2",1,9,"MB",11,0,11,11,7.95,3.05
"24/06/2013","Tremie13","T1+T2",1,9,"MB",11,0,11,11,9.9,1.1
"27/05/2013","Tremie13","T1+T2",1,9,"MB",11,0,11,11,8.02,2.98
"29/05/2013","Tremie13","T1+T2",1,9,"MB",11,0,11,11,8.02,2.98
"02/05/2013","Tremie13","T1+T2",1,10,"MB",9,2,12,10.4674242424242,7.1,3.36742424242424
"02/07/2013","Tremie13","T1+T2",1,10,"MB",12,0,12,12,11.95,0.0500000000000007
"03/06/2013","Tremie13","T1+T2",1,10,"MB",12,0,12,12,8.27,3.73
"08/07/2013","Tremie13","T1+T2",1,10,"MB",12,0,12,12,12,0
"11/06/2013","Tremie13","T1+T2",1,10,"MB",12,0,12,12,9.84,2.16
"13/02/2013","Tremie13","T1+T2",1,10,"MB",4,1,12,4.68428436808603,NA,NA
"15/07/2013","Tremie13","T1+T2",1,10,"MB",12,0,12,12,12,0
"17/06/2013","Tremie13","T1+T2",1,10,"MB",12,0,12,12,9.82,2.18
"19/04/2013","Tremie13","T1+T2",1,10,"MB",8,1,12,8.92307692307692,6.15,2.77307692307692
"22/05/2013","Tremie13","T1+T2",1,10,"MB",12,0,12,12,8.06,3.94
"24/06/2013","Tremie13","T1+T2",1,10,"MB",12,0,12,12,10.92,1.08
"27/05/2013","Tremie13","T1+T2",1,10,"MB",12,0,12,12,8.07,3.93
"29/05/2013","Tremie13","T1+T2",1,10,"MB",12,0,12,12,8.07,3.93
"02/05/2013","Tremie13","T1+T2",1,11,"MB",9,1,11,9.79166666666667,6.65,3.14166666666667
"02/07/2013","Tremie13","T1+T2",1,11,"MB",11,0,11,11,10.5,0.5
"03/06/2013","Tremie13","T1+T2",1,11,"MB",11,0,11,11,8.05,2.95
"08/07/2013","Tremie13","T1+T2",1,11,"MB",11,0,11,11,11,0
"11/06/2013","Tremie13","T1+T2",1,11,"MB",11,0,11,11,8.45,2.55
"13/02/2013","Tremie13","T1+T2",1,11,"MB",4,1,11,4.61341342506377,0.1,4.51341342506377
"15/07/2013","Tremie13","T1+T2",1,11,"MB",11,0,11,11,11,0
"17/06/2013","Tremie13","T1+T2",1,11,"MB",11,0,11,11,9.55,1.45
"19/04/2013","Tremie13","T1+T2",1,11,"MB",8,1,11,8.61538461538461,6,2.61538461538461
"22/05/2013","Tremie13","T1+T2",1,11,"MB",11,0,11,11,7.6,3.4
"24/06/2013","Tremie13","T1+T2",1,11,"MB",11,0,11,11,10.1,0.9
"27/05/2013","Tremie13","T1+T2",1,11,"MB",11,0,11,11,7.71,3.29
"29/05/2013","Tremie13","T1+T2",1,11,"MB",11,0,11,11,7.71,3.29
"02/05/2013","Tremie13","T1+T2",1,12,"MB",9,2,12,10.3402057621619,7.05,3.29020576216194
"02/07/2013","Tremie13","T1+T2",1,12,"MB",12,0,12,12,11.92,0.0800000000000001
"03/06/2013","Tremie13","T1+T2",1,12,"MB",12,0,12,12,8.13,3.87
"08/07/2013","Tremie13","T1+T2",1,12,"MB",12,0,12,12,12,0
"11/06/2013","Tremie13","T1+T2",1,12,"MB",12,0,12,12,8.99,3.01
"13/02/2013","Tremie13","T1+T2",1,12,"MB",4,1,12,4.54030055783093,0.3,4.24030055783093
"15/07/2013","Tremie13","T1+T2",1,12,"MB",12,0,12,12,12,0
"17/06/2013","Tremie13","T1+T2",1,12,"MB",12,0,12,12,9.74,2.26
"19/04/2013","Tremie13","T1+T2",1,12,"MB",8,1,12,8.84398976982097,6.05,2.79398976982097
"22/05/2013","Tremie13","T1+T2",1,12,"MB",12,0,12,12,7.82,4.18
"24/06/2013","Tremie13","T1+T2",1,12,"MB",12,0,12,12,10.57,1.43
"27/05/2013","Tremie13","T1+T2",1,12,"MB",12,0,12,12,7.95,4.05
"29/05/2013","Tremie13","T1+T2",1,12,"MB",12,0,12,12,7.95,4.05
"02/05/2013","Tremie13","T1+T2",1,13,"MB",9,1,11,9.7704280155642,6.95,2.8204280155642
"02/07/2013","Tremie13","T1+T2",1,13,"MB",11,0,11,11,11,0
"03/06/2013","Tremie13","T1+T2",1,13,"MB",11,0,11,11,8.02,2.98
"08/07/2013","Tremie13","T1+T2",1,13,"MB",11,0,11,11,11,0
"11/06/2013","Tremie13","T1+T2",1,13,"MB",11,0,11,11,8.17,2.83
"13/02/2013","Tremie13","T1+T2",1,13,"MB",4,1,11,4.50361894968613,NA,NA
"15/07/2013","Tremie13","T1+T2",1,13,"MB",11,0,11,11,11,0
"17/06/2013","Tremie13","T1+T2",1,13,"MB",11,0,11,11,8.88,2.12
"19/04/2013","Tremie13","T1+T2",1,13,"MB",8,1,11,8.63111111111111,5.9,2.73111111111111
"22/05/2013","Tremie13","T1+T2",1,13,"MB",11,0,11,11,7.61,3.39
"24/06/2013","Tremie13","T1+T2",1,13,"MB",11,0,11,11,10.2,0.800000000000001
"27/05/2013","Tremie13","T1+T2",1,13,"MB",11,0,11,11,7.61,3.39
"29/05/2013","Tremie13","T1+T2",1,13,"MB",11,0,11,11,7.61,3.39
"02/05/2013","Tremie13","T1+T2",1,14,"MB",9,1,11,9.76793248945148,6.95,2.81793248945148
"02/07/2013","Tremie13","T1+T2",1,14,"MB",11,0,11,11,10.95,0.0500000000000007
"03/06/2013","Tremie13","T1+T2",1,14,"MB",11,0,11,11,8.09,2.91
"08/07/2013","Tremie13","T1+T2",1,14,"MB",11,0,11,11,11,0
"11/06/2013","Tremie13","T1+T2",1,14,"MB",11,0,11,11,9.12,1.88
"13/02/2013","Tremie13","T1+T2",1,14,"MB",4,1,11,4.42786578267986,0.1,4.32786578267986
"15/07/2013","Tremie13","T1+T2",1,14,"MB",11,0,11,11,11,0
"17/06/2013","Tremie13","T1+T2",1,14,"MB",11,0,11,11,9.63,1.37
"19/04/2013","Tremie13","T1+T2",1,14,"MB",8,1,11,8.60606060606061,5.75,2.85606060606061
"22/05/2013","Tremie13","T1+T2",1,14,"MB",11,0,11,11,7.7,3.3
"24/06/2013","Tremie13","T1+T2",1,14,"MB",11,0,11,11,10.4,0.6
"27/05/2013","Tremie13","T1+T2",1,14,"MB",11,0,11,11,7.82,3.18
"29/05/2013","Tremie13","T1+T2",1,14,"MB",11,0,11,11,7.82,3.18
"02/05/2013","Tremie13","T1+T2",1,15,"MB",9,2,12,10.3280811569178,6.52,3.80808115691776
"02/07/2013","Tremie13","T1+T2",1,15,"MB",12,0,12,12,11.55,0.449999999999999
"03/06/2013","Tremie13","T1+T2",1,15,"MB",12,0,12,12,7.96,4.04
"08/07/2013","Tremie13","T1+T2",1,15,"MB",12,0,12,12,12,0
"11/06/2013","Tremie13","T1+T2",1,15,"MB",12,0,12,12,8.43,3.57
"13/02/2013","Tremie13","T1+T2",1,15,"MB",4,1,12,4.45754408494522,0.4,4.05754408494522
"15/07/2013","Tremie13","T1+T2",1,15,"MB",12,0,12,12,12,0
"17/06/2013","Tremie13","T1+T2",1,15,"MB",12,0,12,12,10.18,1.82
"19/04/2013","Tremie13","T1+T2",1,15,"MB",8,1,12,8.7345971563981,5.8,2.9345971563981
"22/05/2013","Tremie13","T1+T2",1,15,"MB",12,0,12,12,7.5,4.5
"24/06/2013","Tremie13","T1+T2",1,15,"MB",12,0,12,12,10.87,1.13
"27/05/2013","Tremie13","T1+T2",1,15,"MB",12,0,12,12,7.52,4.48
"29/05/2013","Tremie13","T1+T2",1,15,"MB",12,0,12,12,7.52,4.48
"02/05/2013","Tremie13","T1+T2",2,16,"MB",9,1,11,9.64377682403433,6.2,3.44377682403433
"02/07/2013","Tremie13","T1+T2",2,16,"MB",11,0,11,11,10.95,0.0500000000000007
"03/06/2013","Tremie13","T1+T2",2,16,"MB",11,0,11,11,7.72,3.28
"08/07/2013","Tremie13","T1+T2",2,16,"MB",11,0,11,11,11,0
"11/06/2013","Tremie13","T1+T2",2,16,"MB",11,0,11,11,8.1,2.9
"13/02/2013","Tremie13","T1+T2",2,16,"MB",4,1,11,4.40931439788896,NA,NA
"15/07/2013","Tremie13","T1+T2",2,16,"MB",11,0,11,11,11,0
"17/06/2013","Tremie13","T1+T2",2,16,"MB",11,0,11,11,8.91,2.09
"19/04/2013","Tremie13","T1+T2",2,16,"MB",8,1,11,8.43595505617978,5.7,2.73595505617978
"22/05/2013","Tremie13","T1+T2",2,16,"MB",11,0,11,11,7.2,3.8
"24/06/2013","Tremie13","T1+T2",2,16,"MB",11,0,11,11,10.12,0.880000000000001
"27/05/2013","Tremie13","T1+T2",2,16,"MB",11,0,11,11,7.3,3.7
"29/05/2013","Tremie13","T1+T2",2,16,"MB",11,0,11,11,7.3,3.7
"02/05/2013","Tremie13","T1+T2",2,17,"MB",9,1,11,9.675,6.9,2.775
"02/07/2013","Tremie13","T1+T2",2,17,"MB",11,0,11,11,10.95,0.0500000000000007
"03/06/2013","Tremie13","T1+T2",2,17,"MB",11,0,11,11,8.11,2.89
"08/07/2013","Tremie13","T1+T2",2,17,"MB",11,0,11,11,11,0
"11/06/2013","Tremie13","T1+T2",2,17,"MB",11,0,11,11,9.03,1.97
"13/02/2013","Tremie13","T1+T2",2,17,"MB",4,1,11,4.40837724866839,NA,NA
"15/07/2013","Tremie13","T1+T2",2,17,"MB",11,0,11,11,11,0
"17/06/2013","Tremie13","T1+T2",2,17,"MB",11,0,11,11,9.4,1.6
"19/04/2013","Tremie13","T1+T2",2,17,"MB",8,1,11,8.52272727272727,6,2.52272727272727
"22/05/2013","Tremie13","T1+T2",2,17,"MB",11,0,11,11,7.5,3.5
"24/06/2013","Tremie13","T1+T2",2,17,"MB",11,0,11,11,10,1
"27/05/2013","Tremie13","T1+T2",2,17,"MB",11,0,11,11,7.55,3.45
"29/05/2013","Tremie13","T1+T2",2,17,"MB",11,0,11,11,7.55,3.45
"02/05/2013","Tremie13","T1+T2",2,18,"MB",9,1,12,9.95871559633028,7.05,2.90871559633028
"02/07/2013","Tremie13","T1+T2",2,18,"MB",12,0,12,12,12,0
"03/06/2013","Tremie13","T1+T2",2,18,"MB",12,0,12,12,8.21,3.79
"08/07/2013","Tremie13","T1+T2",2,18,"MB",12,0,12,12,12,0
"11/06/2013","Tremie13","T1+T2",2,18,"MB",12,0,12,12,9.65,2.35
"13/02/2013","Tremie13","T1+T2",2,18,"MB",4,1,12,4.73522137090534,0.1,4.63522137090534
"15/07/2013","Tremie13","T1+T2",2,18,"MB",12,0,12,12,12,0
"17/06/2013","Tremie13","T1+T2",2,18,"MB",12,0,12,12,10.82,1.18
"19/04/2013","Tremie13","T1+T2",2,18,"MB",8,1,12,8.73298429319372,6.1,2.63298429319372
"22/05/2013","Tremie13","T1+T2",2,18,"MB",12,0,12,12,7.95,4.05
"24/06/2013","Tremie13","T1+T2",2,18,"MB",12,0,12,12,10.08,1.92
"27/05/2013","Tremie13","T1+T2",2,18,"MB",12,0,12,12,7.99,4.01
"29/05/2013","Tremie13","T1+T2",2,18,"MB",12,0,12,12,7.99,4.01
"02/05/2013","Tremie13","T1+T2",2,19,"MB",9,1,11,9.79148936170213,6.4,3.39148936170213
"02/07/2013","Tremie13","T1+T2",2,19,"MB",11,0,11,11,10.95,0.0500000000000007
"03/06/2013","Tremie13","T1+T2",2,19,"MB",11,0,11,11,8.03,2.97
"08/07/2013","Tremie13","T1+T2",2,19,"MB",11,0,11,11,11,0
"11/06/2013","Tremie13","T1+T2",2,19,"MB",11,0,11,11,8.22,2.78
"13/02/2013","Tremie13","T1+T2",2,19,"MB",4,1,11,4.48682539870065,NA,NA
"15/07/2013","Tremie13","T1+T2",2,19,"MB",11,0,11,11,11,0
"17/06/2013","Tremie13","T1+T2",2,19,"MB",11,0,11,11,9.4,1.6
"19/04/2013","Tremie13","T1+T2",2,19,"MB",8,1,11,8.59808612440191,5.7,2.89808612440191
"22/05/2013","Tremie13","T1+T2",2,19,"MB",11,0,11,11,7.5,3.5
"24/06/2013","Tremie13","T1+T2",2,19,"MB",11,0,11,11,10.1,0.9
"27/05/2013","Tremie13","T1+T2",2,19,"MB",11,0,11,11,7.6,3.4
"29/05/2013","Tremie13","T1+T2",2,19,"MB",11,0,11,11,7.6,3.4
"02/05/2013","Tremie13","T1+T2",2,20,"MB",9,2,12,10.3983974358974,6.65,3.74839743589744
"02/07/2013","Tremie13","T1+T2",2,20,"MB",12,0,12,12,11.4,0.6
"03/06/2013","Tremie13","T1+T2",2,20,"MB",12,0,12,12,7.99,4.01
"08/07/2013","Tremie13","T1+T2",2,20,"MB",12,0,12,12,12,0
"11/06/2013","Tremie13","T1+T2",2,20,"MB",12,0,12,12,8.58,3.42
"13/02/2013","Tremie13","T1+T2",2,20,"MB",4,1,12,4.65527497745548,NA,NA
"15/07/2013","Tremie13","T1+T2",2,20,"MB",12,0,12,12,12,0
"17/06/2013","Tremie13","T1+T2",2,20,"MB",12,0,12,12,9.54,2.46
"19/04/2013","Tremie13","T1+T2",2,20,"MB",8,1,12,8.80392156862745,6.2,2.60392156862745
"22/05/2013","Tremie13","T1+T2",2,20,"MB",12,0,12,12,7.8,4.2
"24/06/2013","Tremie13","T1+T2",2,20,"MB",12,0,12,12,10.47,1.53
"27/05/2013","Tremie13","T1+T2",2,20,"MB",12,0,12,12,7.91,4.09
"29/05/2013","Tremie13","T1+T2",2,20,"MB",12,0,12,12,7.91,4.09
"02/05/2013","Tremie13","T1+T2",2,21,"MB",9,1,11,9.6936170212766,6.15,3.5436170212766
"02/07/2013","Tremie13","T1+T2",2,21,"MB",11,0,11,11,11,0
"03/06/2013","Tremie13","T1+T2",2,21,"MB",11,0,11,11,7.53,3.47
"08/07/2013","Tremie13","T1+T2",2,21,"MB",11,0,11,11,11,0
"11/06/2013","Tremie13","T1+T2",2,21,"MB",11,0,11,11,8.54,2.46
"13/02/2013","Tremie13","T1+T2",2,21,"MB",4,1,11,4.42752721074611,NA,NA
"15/07/2013","Tremie13","T1+T2",2,21,"MB",11,0,11,11,11,0
"17/06/2013","Tremie13","T1+T2",2,21,"MB",11,0,11,11,9.17,1.83
"19/04/2013","Tremie13","T1+T2",2,21,"MB",8,1,11,8.52115812917595,5.8,2.72115812917595
"22/05/2013","Tremie13","T1+T2",2,21,"MB",11,0,11,11,7.4,3.6
"24/06/2013","Tremie13","T1+T2",2,21,"MB",11,0,11,11,9.95,1.05
"27/05/2013","Tremie13","T1+T2",2,21,"MB",11,0,11,11,7.3,3.7
"29/05/2013","Tremie13","T1+T2",2,21,"MB",11,0,11,11,7.3,3.7
"02/05/2013","Tremie13","T1+T2",2,22,"MB",9,2,12,10.2931041763439,6.55,3.7431041763439
"02/07/2013","Tremie13","T1+T2",2,22,"MB",12,0,12,12,11.35,0.65
"03/06/2013","Tremie13","T1+T2",2,22,"MB",12,0,12,12,8.02,3.98
"08/07/2013","Tremie13","T1+T2",2,22,"MB",12,0,12,12,12,0
"11/06/2013","Tremie13","T1+T2",2,22,"MB",12,0,12,12,8.76,3.24
"13/02/2013","Tremie13","T1+T2",2,22,"MB",4,1,12,4.33397618001915,NA,NA
"15/07/2013","Tremie13","T1+T2",2,22,"MB",12,0,12,12,12,0
"17/06/2013","Tremie13","T1+T2",2,22,"MB",12,0,12,12,9.99,2.01
"19/04/2013","Tremie13","T1+T2",2,22,"MB",8,1,12,8.78450363196126,5.5,3.28450363196126
"22/05/2013","Tremie13","T1+T2",2,22,"MB",12,0,12,12,7.6,4.4
"24/06/2013","Tremie13","T1+T2",2,22,"MB",12,0,12,12,10.87,1.13
"27/05/2013","Tremie13","T1+T2",2,22,"MB",12,0,12,12,7.62,4.38
"29/05/2013","Tremie13","T1+T2",2,22,"MB",12,0,12,12,7.62,4.38
"02/05/2013","Tremie13","T1+T2",2,23,"MB",9,1,11,9.375,6.3,3.075
"02/07/2013","Tremie13","T1+T2",2,23,"MB",11,0,11,11,10.9,0.0999999999999996
"03/06/2013","Tremie13","T1+T2",2,23,"MB",11,0,11,11,7.81,3.19
"08/07/2013","Tremie13","T1+T2",2,23,"MB",11,0,11,11,11,0
"11/06/2013","Tremie13","T1+T2",2,23,"MB",11,0,11,11,8.16,2.84
"13/02/2013","Tremie13","T1+T2",2,23,"MB",4,1,11,4.54018673457373,NA,NA
"15/07/2013","Tremie13","T1+T2",2,23,"MB",11,0,11,11,11,0
"17/06/2013","Tremie13","T1+T2",2,23,"MB",11,0,11,11,9.41,1.59
"19/04/2013","Tremie13","T1+T2",2,23,"MB",7,2,11,8.12573630082466,5.3,2.82573630082466
"22/05/2013","Tremie13","T1+T2",2,23,"MB",11,0,11,11,7.05,3.95
"24/06/2013","Tremie13","T1+T2",2,23,"MB",11,0,11,11,10.2,0.800000000000001
"27/05/2013","Tremie13","T1+T2",2,23,"MB",11,0,11,11,7.05,3.95
"29/05/2013","Tremie13","T1+T2",2,23,"MB",11,0,11,11,7.05,3.95
"02/05/2013","Tremie13","T1+T2",2,24,"MB",9,1,12,9.96428571428572,6.95,3.01428571428572
"02/07/2013","Tremie13","T1+T2",2,24,"MB",12,0,12,12,11.25,0.75
"03/06/2013","Tremie13","T1+T2",2,24,"MB",12,0,12,12,8.02,3.98
"08/07/2013","Tremie13","T1+T2",2,24,"MB",12,0,12,12,12,0
"11/06/2013","Tremie13","T1+T2",2,24,"MB",12,0,12,12,8.23,3.77
"13/02/2013","Tremie13","T1+T2",2,24,"MB",4,1,12,4.43576942131601,NA,NA
"15/07/2013","Tremie13","T1+T2",2,24,"MB",12,0,12,12,12,0
"17/06/2013","Tremie13","T1+T2",2,24,"MB",12,0,12,12,10.43,1.57
"19/04/2013","Tremie13","T1+T2",2,24,"MB",8,1,12,8.68877551020408,NA,NA
"22/05/2013","Tremie13","T1+T2",2,24,"MB",12,0,12,12,7.5,4.5
"24/06/2013","Tremie13","T1+T2",2,24,"MB",12,0,12,12,10.97,1.03
"27/05/2013","Tremie13","T1+T2",2,24,"MB",12,0,12,12,7.6,4.4
"29/05/2013","Tremie13","T1+T2",2,24,"MB",12,0,12,12,7.6,4.4
"02/05/2013","Tremie13","T1+T2",2,25,"MB",9,2,12,10.1876737821565,6.55,3.63767378215654
"02/07/2013","Tremie13","T1+T2",2,25,"MB",12,0,12,12,10.75,1.25
"03/06/2013","Tremie13","T1+T2",2,25,"MB",12,0,12,12,7.89,4.11
"08/07/2013","Tremie13","T1+T2",2,25,"MB",12,0,12,12,11.85,0.15
"11/06/2013","Tremie13","T1+T2",2,25,"MB",12,0,12,12,8.39,3.61
"13/02/2013","Tremie13","T1+T2",2,25,"MB",4,1,12,4.49399822430146,0.1,4.39399822430146
"15/07/2013","Tremie13","T1+T2",2,25,"MB",12,0,12,12,12,0
"17/06/2013","Tremie13","T1+T2",2,25,"MB",12,0,12,12,9.55,2.45
"19/04/2013","Tremie13","T1+T2",2,25,"MB",8,1,12,8.66840731070496,6,2.66840731070496
"22/05/2013","Tremie13","T1+T2",2,25,"MB",12,0,12,12,7.5,4.5
"24/06/2013","Tremie13","T1+T2",2,25,"MB",12,0,12,12,10.27,1.73
"27/05/2013","Tremie13","T1+T2",2,25,"MB",12,0,12,12,7.61,4.39
"29/05/2013","Tremie13","T1+T2",2,25,"MB",12,0,12,12,7.61,4.39
"02/05/2013","Tremie13","T1+T2",2,26,"MB",9,1,11,9.445,7,2.445
"02/07/2013","Tremie13","T1+T2",2,26,"MB",11,0,11,11,10.35,0.65
"03/06/2013","Tremie13","T1+T2",2,26,"MB",11,0,11,11,8.03,2.97
"08/07/2013","Tremie13","T1+T2",2,26,"MB",11,0,11,11,10.9,0.0999999999999996
"11/06/2013","Tremie13","T1+T2",2,26,"MB",11,0,11,11,8.16,2.84
"13/02/2013","Tremie13","T1+T2",2,26,"MB",3,2,11,4.4062606427474,NA,NA
"15/07/2013","Tremie13","T1+T2",2,26,"MB",11,0,11,11,11,0
"17/06/2013","Tremie13","T1+T2",2,26,"MB",11,0,11,11,8.53,2.47
"19/04/2013","Tremie13","T1+T2",2,26,"MB",8,1,11,8.34782608695652,5.5,2.84782608695652
"22/05/2013","Tremie13","T1+T2",2,26,"MB",11,0,11,11,7.4,3.6
"24/06/2013","Tremie13","T1+T2",2,26,"MB",11,0,11,11,9.62,1.38
"27/05/2013","Tremie13","T1+T2",2,26,"MB",11,0,11,11,7.41,3.59
"29/05/2013","Tremie13","T1+T2",2,26,"MB",11,0,11,11,7.41,3.59
"02/05/2013","Tremie13","T1+T2",2,27,"MB",9,1,11,9.8375,6.82,3.0175
"02/07/2013","Tremie13","T1+T2",2,27,"MB",11,0,11,11,10.9,0.0999999999999996
"03/06/2013","Tremie13","T1+T2",2,27,"MB",11,0,11,11,8.02,2.98
"08/07/2013","Tremie13","T1+T2",2,27,"MB",11,0,11,11,11,0
"11/06/2013","Tremie13","T1+T2",2,27,"MB",11,0,11,11,8.13,2.87
"13/02/2013","Tremie13","T1+T2",2,27,"MB",4,1,11,4.53010716521373,0.1,4.43010716521373
"15/07/2013","Tremie13","T1+T2",2,27,"MB",11,0,11,11,11,0
"17/06/2013","Tremie13","T1+T2",2,27,"MB",11,0,11,11,8.8,2.2
"19/04/2013","Tremie13","T1+T2",2,27,"MB",8,1,11,8.68269230769231,6.1,2.58269230769231
"22/05/2013","Tremie13","T1+T2",2,27,"MB",11,0,11,11,7.6,3.4
"24/06/2013","Tremie13","T1+T2",2,27,"MB",11,0,11,11,9.55,1.45
"27/05/2013","Tremie13","T1+T2",2,27,"MB",11,0,11,11,7.7,3.3
"29/05/2013","Tremie13","T1+T2",2,27,"MB",11,0,11,11,7.7,3.3
"02/05/2013","Tremie13","T1+T2",2,28,"MB",9,1,11,9.38666666666667,6.2,3.18666666666667
"02/07/2013","Tremie13","T1+T2",2,28,"MB",11,0,11,11,11,0
"03/06/2013","Tremie13","T1+T2",2,28,"MB",11,0,11,11,7.21,3.79
"08/07/2013","Tremie13","T1+T2",2,28,"MB",11,0,11,11,NA,NA
"11/06/2013","Tremie13","T1+T2",2,28,"MB",11,0,11,11,7.83,3.17
"13/02/2013","Tremie13","T1+T2",2,28,"MB",4,1,11,4.35566842986276,NA,NA
"15/07/2013","Tremie13","T1+T2",2,28,"MB",11,0,11,11,NA,NA
"17/06/2013","Tremie13","T1+T2",2,28,"MB",11,0,11,11,8.71,2.29
"19/04/2013","Tremie13","T1+T2",2,28,"MB",7,2,11,8.24254731756524,5.2,3.04254731756524
"22/05/2013","Tremie13","T1+T2",2,28,"MB",11,0,11,11,7.1,3.9
"24/06/2013","Tremie13","T1+T2",2,28,"MB",11,0,11,11,10.05,0.949999999999999
"27/05/2013","Tremie13","T1+T2",2,28,"MB",11,0,11,11,7.11,3.89
"29/05/2013","Tremie13","T1+T2",2,28,"MB",11,0,11,11,7.11,3.89
"02/05/2013","Tremie13","T1+T2",2,29,"MB",9,2,12,10.4222291536702,6.4,4.0222291536702
"02/07/2013","Tremie13","T1+T2",2,29,"MB",12,0,12,12,NA,NA
"03/06/2013","Tremie13","T1+T2",2,29,"MB",12,0,12,12,8.05,3.95
"08/07/2013","Tremie13","T1+T2",2,29,"MB",12,0,12,12,NA,NA
"11/06/2013","Tremie13","T1+T2",2,29,"MB",12,0,12,12,8.5,3.5
"13/02/2013","Tremie13","T1+T2",2,29,"MB",4,1,12,4.47848616520105,NA,NA
"15/07/2013","Tremie13","T1+T2",2,29,"MB",12,0,12,12,NA,NA
"17/06/2013","Tremie13","T1+T2",2,29,"MB",12,0,12,12,9.82,2.18
"19/04/2013","Tremie13","T1+T2",2,29,"MB",8,1,12,8.73,6,2.73
"22/05/2013","Tremie13","T1+T2",2,29,"MB",12,0,12,12,7.52,4.48
"24/06/2013","Tremie13","T1+T2",2,29,"MB",12,0,12,12,NA,NA
"27/05/2013","Tremie13","T1+T2",2,29,"MB",12,0,12,12,7.62,4.38
"29/05/2013","Tremie13","T1+T2",2,29,"MB",12,0,12,12,7.62,4.38
"02/05/2013","Tremie13","T1+T2",2,30,"MB",9,1,12,9.9406779661017,7.75,2.1906779661017
"02/07/2013","Tremie13","T1+T2",2,30,"MB",12,0,12,12,11.4,0.6
"03/06/2013","Tremie13","T1+T2",2,30,"MB",12,0,12,12,7.72,4.28
"08/07/2013","Tremie13","T1+T2",2,30,"MB",12,0,12,12,11.98,0.0199999999999996
"11/06/2013","Tremie13","T1+T2",2,30,"MB",12,0,12,12,8.43,3.57
"13/02/2013","Tremie13","T1+T2",2,30,"MB",4,1,12,4.45037349307849,NA,NA
"15/07/2013","Tremie13","T1+T2",2,30,"MB",12,0,12,12,12,0
"17/06/2013","Tremie13","T1+T2",2,30,"MB",12,0,12,12,9.12,2.88
"19/04/2013","Tremie13","T1+T2",2,30,"MB",8,1,12,8.63775510204082,5.85,2.78775510204082
"22/05/2013","Tremie13","T1+T2",2,30,"MB",12,0,12,12,7.5,4.5
"24/06/2013","Tremie13","T1+T2",2,30,"MB",12,0,12,12,9.92,2.08
"27/05/2013","Tremie13","T1+T2",2,30,"MB",12,0,12,12,7.52,4.48
"29/05/2013","Tremie13","T1+T2",2,30,"MB",12,0,12,12,7.52,4.48
"02/05/2013","Tremie13","T1+T2",3,31,"MB",9,1,11,9.73929961089494,6.6,3.13929961089494
"02/07/2013","Tremie13","T1+T2",3,31,"MB",11,0,11,11,11,0
"03/06/2013","Tremie13","T1+T2",3,31,"MB",11,0,11,11,7.82,3.18
"08/07/2013","Tremie13","T1+T2",3,31,"MB",11,0,11,11,11,0
"11/06/2013","Tremie13","T1+T2",3,31,"MB",11,0,11,11,8.3,2.7
"13/02/2013","Tremie13","T1+T2",3,31,"MB",4,1,11,4.48089100200609,0.2,4.28089100200609
"15/07/2013","Tremie13","T1+T2",3,31,"MB",11,0,11,11,11,0
"17/06/2013","Tremie13","T1+T2",3,31,"MB",11,0,11,11,9.41,1.59
"19/04/2013","Tremie13","T1+T2",3,31,"MB",8,1,11,8.558352402746,NA,NA
"22/05/2013","Tremie13","T1+T2",3,31,"MB",11,0,11,11,7.4,3.6
"24/06/2013","Tremie13","T1+T2",3,31,"MB",11,0,11,11,10,1
"27/05/2013","Tremie13","T1+T2",3,31,"MB",11,0,11,11,7.5,3.5
"29/05/2013","Tremie13","T1+T2",3,31,"MB",11,0,11,11,7.5,3.5
"02/05/2013","Tremie13","T1+T2",3,32,"MB",9,1,11,9.73684210526316,6.55,3.18684210526316
"02/07/2013","Tremie13","T1+T2",3,32,"MB",11,0,11,11,10.6,0.4
"03/06/2013","Tremie13","T1+T2",3,32,"MB",11,0,11,11,7.86,3.14
"08/07/2013","Tremie13","T1+T2",3,32,"MB",11,0,11,11,11,0
"11/06/2013","Tremie13","T1+T2",3,32,"MB",11,0,11,11,8.18,2.82
"13/02/2013","Tremie13","T1+T2",3,32,"MB",4,1,11,4.52225397034048,0.2,4.32225397034048
"15/07/2013","Tremie13","T1+T2",3,32,"MB",11,0,11,11,11,0
"17/06/2013","Tremie13","T1+T2",3,32,"MB",11,0,11,11,9.37,1.63
"19/04/2013","Tremie13","T1+T2",3,32,"MB",8,1,11,8.55679287305123,NA,NA
"22/05/2013","Tremie13","T1+T2",3,32,"MB",11,0,11,11,7.41,3.59
"24/06/2013","Tremie13","T1+T2",3,32,"MB",11,0,11,11,10.07,0.93
"27/05/2013","Tremie13","T1+T2",3,32,"MB",11,0,11,11,7.63,3.37
"29/05/2013","Tremie13","T1+T2",3,32,"MB",11,0,11,11,7.63,3.37
"02/05/2013","Tremie13","T1+T2",3,33,"MB",9,1,11,9.67579908675799,6.55,3.12579908675799
"02/07/2013","Tremie13","T1+T2",3,33,"MB",11,0,11,11,10.7,0.300000000000001
"03/06/2013","Tremie13","T1+T2",3,33,"MB",11,0,11,11,7.89,3.11
"08/07/2013","Tremie13","T1+T2",3,33,"MB",11,0,11,11,11,0
"11/06/2013","Tremie13","T1+T2",3,33,"MB",11,0,11,11,8.37,2.63
"13/02/2013","Tremie13","T1+T2",3,33,"MB",4,1,11,4.46286065067103,NA,NA
"15/07/2013","Tremie13","T1+T2",3,33,"MB",11,0,11,11,11,0
"17/06/2013","Tremie13","T1+T2",3,33,"MB",11,0,11,11,9.1,1.9
"19/04/2013","Tremie13","T1+T2",3,33,"MB",8,1,11,8.41860465116279,NA,NA
"22/05/2013","Tremie13","T1+T2",3,33,"MB",11,0,11,11,7.2,3.8
"24/06/2013","Tremie13","T1+T2",3,33,"MB",11,0,11,11,9.75,1.25
"27/05/2013","Tremie13","T1+T2",3,33,"MB",11,0,11,11,7.25,3.75
"29/05/2013","Tremie13","T1+T2",3,33,"MB",11,0,11,11,7.25,3.75
"02/05/2013","Tremie13","T1+T2",3,34,"MB",9,1,11,10.008064516129,6.95,3.05806451612903
"02/07/2013","Tremie13","T1+T2",3,34,"MB",11,0,11,11,10.9,0.0999999999999996
"03/06/2013","Tremie13","T1+T2",3,34,"MB",11,0,11,11,8.08,2.92
"08/07/2013","Tremie13","T1+T2",3,34,"MB",11,0,11,11,11,0
"11/06/2013","Tremie13","T1+T2",3,34,"MB",11,0,11,11,9.79,1.21
"13/02/2013","Tremie13","T1+T2",3,34,"MB",4,1,11,4.77806590891842,NA,NA
"15/07/2013","Tremie13","T1+T2",3,34,"MB",11,0,11,11,11,0
"17/06/2013","Tremie13","T1+T2",3,34,"MB",11,0,11,11,9.61,1.39
"19/04/2013","Tremie13","T1+T2",3,34,"MB",7,1,11,8.21311475409836,5.3,2.91311475409836
"22/05/2013","Tremie13","T1+T2",3,34,"MB",11,0,11,11,7.91,3.09
"24/06/2013","Tremie13","T1+T2",3,34,"MB",11,0,11,11,10.25,0.75
"27/05/2013","Tremie13","T1+T2",3,34,"MB",11,0,11,11,8.06,2.94
"29/05/2013","Tremie13","T1+T2",3,34,"MB",11,0,11,11,8.06,2.94
"02/05/2013","Tremie13","T1+T2",3,35,"MB",9,1,11,9.57446808510638,6.35,3.22446808510638
"02/07/2013","Tremie13","T1+T2",3,35,"MB",11,0,11,11,10.6,0.4
"03/06/2013","Tremie13","T1+T2",3,35,"MB",11,0,11,11,8.06,2.94
"08/07/2013","Tremie13","T1+T2",3,35,"MB",11,0,11,11,11,0
"11/06/2013","Tremie13","T1+T2",3,35,"MB",11,0,11,11,8.17,2.83
"13/02/2013","Tremie13","T1+T2",3,35,"MB",3,2,11,4.38357742761342,0.15,4.23357742761342
"15/07/2013","Tremie13","T1+T2",3,35,"MB",11,0,11,11,11,0
"17/06/2013","Tremie13","T1+T2",3,35,"MB",11,0,11,11,9.17,1.83
"19/04/2013","Tremie13","T1+T2",3,35,"MB",8,1,11,8.34375,5.5,2.84375
"22/05/2013","Tremie13","T1+T2",3,35,"MB",11,0,11,11,7.2,3.8
"24/06/2013","Tremie13","T1+T2",3,35,"MB",11,0,11,11,10.15,0.85
"27/05/2013","Tremie13","T1+T2",3,35,"MB",11,0,11,11,7.2,3.8
"29/05/2013","Tremie13","T1+T2",3,35,"MB",11,0,11,11,7.2,3.8
"02/05/2013","Tremie13","T1+T2",3,36,"MB",9,1,11,9.66666666666667,6.4,3.26666666666667
"02/07/2013","Tremie13","T1+T2",3,36,"MB",11,0,11,11,10.45,0.550000000000001
"03/06/2013","Tremie13","T1+T2",3,36,"MB",11,0,11,11,7.68,3.32
"08/07/2013","Tremie13","T1+T2",3,36,"MB",11,0,11,11,11,0
"11/06/2013","Tremie13","T1+T2",3,36,"MB",11,0,11,11,8.17,2.83
"13/02/2013","Tremie13","T1+T2",3,36,"MB",4,1,11,4.5577341239668,NA,NA
"15/07/2013","Tremie13","T1+T2",3,36,"MB",11,0,11,11,11,0
"17/06/2013","Tremie13","T1+T2",3,36,"MB",11,0,11,11,8.6,2.4
"19/04/2013","Tremie13","T1+T2",3,36,"MB",8,1,11,8.50602409638554,5.8,2.70602409638554
"22/05/2013","Tremie13","T1+T2",3,36,"MB",11,0,11,11,7.3,3.7
"24/06/2013","Tremie13","T1+T2",3,36,"MB",11,0,11,11,9.55,1.45
"27/05/2013","Tremie13","T1+T2",3,36,"MB",11,0,11,11,7.21,3.79
"29/05/2013","Tremie13","T1+T2",3,36,"MB",11,0,11,11,7.21,3.79
"02/05/2013","Tremie13","T1+T2",3,37,"MB",9,1,11,10,7.15,2.85
"02/07/2013","Tremie13","T1+T2",3,37,"MB",11,0,11,11,11,0
"03/06/2013","Tremie13","T1+T2",3,37,"MB",11,0,11,11,8.26,2.74
"08/07/2013","Tremie13","T1+T2",3,37,"MB",11,0,11,11,11,0
"11/06/2013","Tremie13","T1+T2",3,37,"MB",11,0,11,11,9.45,1.55
"13/02/2013","Tremie13","T1+T2",3,37,"MB",3,2,11,4.28892035833956,NA,NA
"15/07/2013","Tremie13","T1+T2",3,37,"MB",11,0,11,11,11,0
"17/06/2013","Tremie13","T1+T2",3,37,"MB",11,0,11,11,10.35,0.65
"19/04/2013","Tremie13","T1+T2",3,37,"MB",8,1,11,8.96109839816934,6.4,2.56109839816934
"22/05/2013","Tremie13","T1+T2",3,37,"MB",11,0,11,11,8,3
"24/06/2013","Tremie13","T1+T2",3,37,"MB",11,0,11,11,10.9,0.0999999999999996
"27/05/2013","Tremie13","T1+T2",3,37,"MB",11,0,11,11,8.11,2.89
"29/05/2013","Tremie13","T1+T2",3,37,"MB",11,0,11,11,8.11,2.89
"02/05/2013","Tremie13","T1+T2",3,38,"MB",9,1,11,9.49777777777778,6.32,3.17777777777778
"02/07/2013","Tremie13","T1+T2",3,38,"MB",11,0,11,11,10.6,0.4
"03/06/2013","Tremie13","T1+T2",3,38,"MB",11,0,11,11,7.54,3.46
"08/07/2013","Tremie13","T1+T2",3,38,"MB",11,0,11,11,11,0
"11/06/2013","Tremie13","T1+T2",3,38,"MB",11,0,11,11,8.12,2.88
"13/02/2013","Tremie13","T1+T2",3,38,"MB",3,2,11,4.0806687802994,NA,NA
"15/07/2013","Tremie13","T1+T2",3,38,"MB",11,0,11,11,11,0
"17/06/2013","Tremie13","T1+T2",3,38,"MB",11,0,11,11,8.66,2.34
"19/04/2013","Tremie13","T1+T2",3,38,"MB",7,2,11,8.3393404216976,5.3,3.0393404216976
"22/05/2013","Tremie13","T1+T2",3,38,"MB",11,0,11,11,7.2,3.8
"24/06/2013","Tremie13","T1+T2",3,38,"MB",11,0,11,11,9.87,1.13
"27/05/2013","Tremie13","T1+T2",3,38,"MB",11,0,11,11,7.2,3.8
"29/05/2013","Tremie13","T1+T2",3,38,"MB",11,0,11,11,7.2,3.8
"02/05/2013","Tremie13","T1+T2",3,39,"MB",9,1,11,9.61607142857143,6.27,3.34607142857143
"02/07/2013","Tremie13","T1+T2",3,39,"MB",11,0,11,11,10.3,0.699999999999999
"03/06/2013","Tremie13","T1+T2",3,39,"MB",11,0,11,11,7.21,3.79
"08/07/2013","Tremie13","T1+T2",3,39,"MB",11,0,11,11,10.97,0.0299999999999994
"11/06/2013","Tremie13","T1+T2",3,39,"MB",11,0,11,11,8.1,2.9
"13/02/2013","Tremie13","T1+T2",3,39,"MB",4,1,11,4.35503046640887,NA,NA
"15/07/2013","Tremie13","T1+T2",3,39,"MB",11,0,11,11,11,0
"17/06/2013","Tremie13","T1+T2",3,39,"MB",11,0,11,11,8.68,2.32
"19/04/2013","Tremie13","T1+T2",3,39,"MB",8,1,11,8.33254156769596,5.6,2.73254156769596
"22/05/2013","Tremie13","T1+T2",3,39,"MB",11,0,11,11,7.2,3.8
"24/06/2013","Tremie13","T1+T2",3,39,"MB",11,0,11,11,9.42,1.58
"27/05/2013","Tremie13","T1+T2",3,39,"MB",11,0,11,11,7.2,3.8
"29/05/2013","Tremie13","T1+T2",3,39,"MB",11,0,11,11,7.2,3.8
"02/05/2013","Tremie13","T1+T2",3,40,"MB",9,1,11,9.4646017699115,6.5,2.9646017699115
"02/07/2013","Tremie13","T1+T2",3,40,"MB",11,0,11,11,11,0
"03/06/2013","Tremie13","T1+T2",3,40,"MB",11,0,11,11,7.62,3.38
"08/07/2013","Tremie13","T1+T2",3,40,"MB",11,0,11,11,11,0
"11/06/2013","Tremie13","T1+T2",3,40,"MB",11,0,11,11,8.17,2.83
"13/02/2013","Tremie13","T1+T2",3,40,"MB",4,1,11,4.38229601243134,NA,NA
"15/07/2013","Tremie13","T1+T2",3,40,"MB",11,0,11,11,11,0
"17/06/2013","Tremie13","T1+T2",3,40,"MB",11,0,11,11,8.63,2.37
"19/04/2013","Tremie13","T1+T2",3,40,"MB",7,2,11,8.26204776204776,NA,NA
"22/05/2013","Tremie13","T1+T2",3,40,"MB",11,0,11,11,7.2,3.8
"24/06/2013","Tremie13","T1+T2",3,40,"MB",11,0,11,11,9.55,1.45
"27/05/2013","Tremie13","T1+T2",3,40,"MB",11,0,11,11,7.3,3.7
"29/05/2013","Tremie13","T1+T2",3,40,"MB",11,0,11,11,7.3,3.7
"02/05/2013","Tremie13","T1+T2",3,41,"MB",9,1,11,9.58119658119658,6.6,2.98119658119658
"02/07/2013","Tremie13","T1+T2",3,41,"MB",11,0,11,11,10.9,0.0999999999999996
"03/06/2013","Tremie13","T1+T2",3,41,"MB",11,0,11,11,7.53,3.47
"08/07/2013","Tremie13","T1+T2",3,41,"MB",11,0,11,11,11,0
"11/06/2013","Tremie13","T1+T2",3,41,"MB",11,0,11,11,8.32,2.68
"13/02/2013","Tremie13","T1+T2",3,41,"MB",4,1,11,4.33820847608907,NA,NA
"15/07/2013","Tremie13","T1+T2",3,41,"MB",11,0,11,11,11,0
"17/06/2013","Tremie13","T1+T2",3,41,"MB",11,0,11,11,8.71,2.29
"19/04/2013","Tremie13","T1+T2",3,41,"MB",8,1,11,8.38248847926267,NA,NA
"22/05/2013","Tremie13","T1+T2",3,41,"MB",11,0,11,11,7.3,3.7
"24/06/2013","Tremie13","T1+T2",3,41,"MB",11,0,11,11,9.45,1.55
"27/05/2013","Tremie13","T1+T2",3,41,"MB",11,0,11,11,7.3,3.7
"29/05/2013","Tremie13","T1+T2",3,41,"MB",11,0,11,11,7.3,3.7
"02/05/2013","Tremie13","T1+T2",3,42,"MB",9,1,11,9.71794871794872,6.2,3.51794871794872
"02/07/2013","Tremie13","T1+T2",3,42,"MB",11,0,11,11,10.75,0.25
"03/06/2013","Tremie13","T1+T2",3,42,"MB",11,0,11,11,7.54,3.46
"08/07/2013","Tremie13","T1+T2",3,42,"MB",11,0,11,11,11,0
"11/06/2013","Tremie13","T1+T2",3,42,"MB",11,0,11,11,8.22,2.78
"13/02/2013","Tremie13","T1+T2",3,42,"MB",4,1,11,4.3802806755158,0.2,4.1802806755158
"15/07/2013","Tremie13","T1+T2",3,42,"MB",11,0,11,11,11,0
"17/06/2013","Tremie13","T1+T2",3,42,"MB",11,0,11,11,8.99,2.01
"19/04/2013","Tremie13","T1+T2",3,42,"MB",8,1,11,8.50970873786408,5.3,3.20970873786408
"22/05/2013","Tremie13","T1+T2",3,42,"MB",11,0,11,11,7.3,3.7
"24/06/2013","Tremie13","T1+T2",3,42,"MB",11,0,11,11,9.45,1.55
"27/05/2013","Tremie13","T1+T2",3,42,"MB",11,0,11,11,7.31,3.69
"29/05/2013","Tremie13","T1+T2",3,42,"MB",11,0,11,11,7.31,3.69
"02/05/2013","Tremie13","T1+T2",3,43,"MB",9,1,11,9.41860465116279,6.1,3.31860465116279
"02/07/2013","Tremie13","T1+T2",3,43,"MB",11,0,11,11,10.9,0.0999999999999996
"03/06/2013","Tremie13","T1+T2",3,43,"MB",11,0,11,11,7.28,3.72
"08/07/2013","Tremie13","T1+T2",3,43,"MB",11,0,11,11,11,0
"11/06/2013","Tremie13","T1+T2",3,43,"MB",11,0,11,11,8.15,2.85
"13/02/2013","Tremie13","T1+T2",3,43,"MB",3,2,11,NA,NA,NA
"15/07/2013","Tremie13","T1+T2",3,43,"MB",11,0,11,11,11,0
"17/06/2013","Tremie13","T1+T2",3,43,"MB",11,0,11,11,8.84,2.16
"19/04/2013","Tremie13","T1+T2",3,43,"MB",7,2,11,8.2406015037594,5.3,2.9406015037594
"22/05/2013","Tremie13","T1+T2",3,43,"MB",11,0,11,11,7.02,3.98
"24/06/2013","Tremie13","T1+T2",3,43,"MB",11,0,11,11,10,1
"27/05/2013","Tremie13","T1+T2",3,43,"MB",11,0,11,11,7.06,3.94
"29/05/2013","Tremie13","T1+T2",3,43,"MB",11,0,11,11,7.06,3.94
"02/05/2013","Tremie13","T1+T2",3,44,"MB",9,1,11,9.51569506726457,5.92,3.59569506726457
"02/07/2013","Tremie13","T1+T2",3,44,"MB",11,0,11,11,10.3,0.699999999999999
"03/06/2013","Tremie13","T1+T2",3,44,"MB",11,0,11,11,7.3,3.7
"08/07/2013","Tremie13","T1+T2",3,44,"MB",11,0,11,11,11,0
"11/06/2013","Tremie13","T1+T2",3,44,"MB",11,0,11,11,7.68,3.32
"13/02/2013","Tremie13","T1+T2",3,44,"MB",3,2,11,4.1085210397002,NA,NA
"15/07/2013","Tremie13","T1+T2",3,44,"MB",11,0,11,11,11,0
"17/06/2013","Tremie13","T1+T2",3,44,"MB",11,0,11,11,8.64,2.36
"19/04/2013","Tremie13","T1+T2",3,44,"MB",7,2,11,8.30763826467884,5.2,3.10763826467884
"22/05/2013","Tremie13","T1+T2",3,44,"MB",11,0,11,11,7.13,3.87
"24/06/2013","Tremie13","T1+T2",3,44,"MB",11,0,11,11,9.97,1.03
"27/05/2013","Tremie13","T1+T2",3,44,"MB",11,0,11,11,7.21,3.79
"29/05/2013","Tremie13","T1+T2",3,44,"MB",11,0,11,11,7.21,3.79
"02/05/2013","Tremie13","T1+T2",3,45,"MB",9,1,11,9.62916666666667,6.3,3.32916666666667
"02/07/2013","Tremie13","T1+T2",3,45,"MB",11,0,11,11,10.95,0.0500000000000007
"03/06/2013","Tremie13","T1+T2",3,45,"MB",11,0,11,11,7.54,3.46
"08/07/2013","Tremie13","T1+T2",3,45,"MB",11,0,11,11,11,0
"11/06/2013","Tremie13","T1+T2",3,45,"MB",11,0,11,11,8.15,2.85
"13/02/2013","Tremie13","T1+T2",3,45,"MB",4,1,11,4.54003478166481,NA,NA
"15/07/2013","Tremie13","T1+T2",3,45,"MB",11,0,11,11,11,0
"17/06/2013","Tremie13","T1+T2",3,45,"MB",11,0,11,11,8.64,2.36
"19/04/2013","Tremie13","T1+T2",3,45,"MB",8,1,11,8.44736842105263,5.45,2.99736842105263
"22/05/2013","Tremie13","T1+T2",3,45,"MB",11,0,11,11,7.2,3.8
"24/06/2013","Tremie13","T1+T2",3,45,"MB",11,0,11,11,9.63,1.37
"27/05/2013","Tremie13","T1+T2",3,45,"MB",11,0,11,11,7.3,3.7
"29/05/2013","Tremie13","T1+T2",3,45,"MB",11,0,11,11,7.3,3.7
